imageName,arucoAvailable,realT,realR,otherInfo
0.png,True,"[0.0, 0.0, 0.1]","[[0.9999999999999999, -0.0, 0.0], [0.0, 0.17364817766693041, 0.9848077530122079], [-0.0, -0.9848077530122079, 0.17364817766693041]]","{'tagLength': 0.0525, 'tagFamily': 'tag36h11', 'tagId': 0}"
1.png,True,"[0.0, 0.0, 0.1]","[[1.0, -0.0, 0.0], [0.0, 0.20135422527825558, 0.9795184918941519], [-0.0, -0.9795184918941519, 0.20135422527825558]]","{'tagLength': 0.0525, 'tagFamily': 'tag36h11', 'tagId': 0}"
2.png,True,"[0.0, 0.0, 0.1]","[[1.0, -0.0, 0.0], [0.0, 0.22890007519462802, 0.9734499245343304], [-0.0, -0.9734499245343304, 0.22890007519462802]]","{'tagLength': 0.0525, 'tagFamily': 'tag36h11', 'tagId': 0}"
3.png,True,"[0.0, 0.0, 0.1]","[[1.0, -0.0, 0.0], [0.0, 0.25626381190046255, 0.9666068790931732], [-0.0, -0.9666068790931732, 0.25626381190046255]]","{'tagLength': 0.0525, 'tagFamily': 'tag36h11', 'tagId': 0}"
4.png,True,"[0.0, 0.0, 0.1]","[[1.0, -0.0, 0.0], [0.0, 0.28342366476969283, 0.9589947999069217], [-0.0, -0.9589947999069217, 0.28342366476969283]]","{'tagLength': 0.0525, 'tagFamily': 'tag36h11', 'tagId': 0}"
5.png,True,"[0.0, 0.0, 0.1]","[[1.0, -0.0, 0.0], [0.0, 0.3103580253865087, 0.9506197431561094], [-0.0, -0.9506197431561094, 0.3103580253865087]]","{'tagLength': 0.0525, 'tagFamily': 'tag36h11', 'tagId': 0}"
6.png,True,"[0.0, 0.0, 0.1]","[[1.0, -0.0, 0.0], [0.0, 0.3370454647370418, 0.9414883720472556], [-0.0, -0.9414883720472556, 0.3370454647370418]]","{'tagLength': 0.0525, 'tagFamily': 'tag36h11', 'tagId': 0}"
7.png,True,"[0.0, 0.0, 0.1]","[[1.0, -0.0, 0.0], [0.0, 0.36346475025831904, 0.9316079515116097], [-0.0, -0.9316079515116097, 0.36346475025831904]]","{'tagLength': 0.0525, 'tagFamily': 'tag36h11', 'tagId': 0}"
8.png,True,"[0.0, 0.0, 0.1]","[[1.0, -0.0, 0.0], [0.0, 0.38959486273091826, 0.9209863424251615], [-0.0, -0.9209863424251615, 0.38959486273091826]]","{'tagLength': 0.0525, 'tagFamily': 'tag36h11', 'tagId': 0}"
9.png,True,"[0.0, 0.0, 0.1]","[[1.0, -0.0, 0.0], [0.0, 0.4154150130018865, 0.9096319953545183], [-0.0, -0.9096319953545183, 0.4154150130018865]]","{'tagLength': 0.0525, 'tagFamily': 'tag36h11', 'tagId': 0}"
10.png,True,"[0.0, 0.0, 0.1]","[[1.0, -0.0, 0.0], [0.0, 0.4409046585246193, 0.8975539438336221], [-0.0, -0.8975539438336221, 0.4409046585246193]]","{'tagLength': 0.0525, 'tagFamily': 'tag36h11', 'tagId': 0}"
11.png,True,"[0.0, 0.0, 0.1]","[[0.9999999999999999, -0.0, 0.0], [0.0, 0.4660435197025389, 0.8847617971766576], [-0.0, -0.8847617971766576, 0.4660435197025389]]","{'tagLength': 0.0525, 'tagFamily': 'tag36h11', 'tagId': 0}"
12.png,True,"[0.0, 0.0, 0.1]","[[1.0, -0.0, 0.0], [0.0, 0.490811596023568, 0.8712657328328699], [-0.0, -0.8712657328328699, 0.490811596023568]]","{'tagLength': 0.0525, 'tagFamily': 'tag36h11', 'tagId': 0}"
13.png,True,"[0.0, 0.0, 0.1]","[[1.0000000000000002, -0.0, 0.0], [0.0, 0.5151891819725657, 0.8570764882893701], [-0.0, -0.8570764882893701, 0.5151891819725657]]","{'tagLength': 0.0525, 'tagFamily': 'tag36h11', 'tagId': 0}"
14.png,True,"[0.0, 0.0, 0.1]","[[1.0, -0.0, 0.0], [0.0, 0.5391568827090597, 0.8422053525283779], [-0.0, -0.8422053525283779, 0.5391568827090597]]","{'tagLength': 0.0525, 'tagFamily': 'tag36h11', 'tagId': 0}"
15.png,True,"[0.0, 0.0, 0.1]","[[1.0, -0.0, 0.0], [0.0, 0.5626956294978103, 0.8266641570456911], [-0.0, -0.8266641570456911, 0.5626956294978103]]","{'tagLength': 0.0525, 'tagFamily': 'tag36h11', 'tagId': 0}"
16.png,True,"[0.0, 0.0, 0.1]","[[1.0, -0.0, 0.0], [0.0, 0.5857866948799202, 0.8104652664375317], [-0.0, -0.8104652664375317, 0.5857866948799202]]","{'tagLength': 0.0525, 'tagFamily': 'tag36h11', 'tagId': 0}"
17.png,True,"[0.0, 0.0, 0.1]","[[0.9999999999999999, -0.0, 0.0], [0.0, 0.6084117075724275, 0.7936215685632559], [-0.0, -0.7936215685632559, 0.6084117075724275]]","{'tagLength': 0.0525, 'tagFamily': 'tag36h11', 'tagId': 0}"
18.png,True,"[0.0, 0.0, 0.1]","[[1.0, -0.0, 0.0], [0.0, 0.6305526670845226, 0.7761464642917568], [-0.0, -0.7761464642917568, 0.6305526670845226]]","{'tagLength': 0.0525, 'tagFamily': 'tag36h11', 'tagId': 0}"
19.png,True,"[0.0, 0.0, 0.1]","[[1.0, -0.0, 0.0], [0.0, 0.6521919580387628, 0.7580538568397135], [-0.0, -0.7580538568397135, 0.6521919580387628]]","{'tagLength': 0.0525, 'tagFamily': 'tag36h11', 'tagId': 0}"
20.png,True,"[0.0, 0.0, 0.1]","[[1.0, -0.0, 0.0], [0.0, 0.6733123641858916, 0.7393581407101739], [-0.0, -0.7393581407101739, 0.6733123641858916]]","{'tagLength': 0.0525, 'tagFamily': 'tag36h11', 'tagId': 0}"
21.png,True,"[0.0, 0.0, 0.1]","[[1.0, -0.0, 0.0], [0.0, 0.6938970821021089, 0.7200741902402689], [-0.0, -0.7200741902402689, 0.6938970821021089]]","{'tagLength': 0.0525, 'tagFamily': 'tag36h11', 'tagId': 0}"
22.png,True,"[0.0, 0.0, 0.1]","[[1.0, -0.0, 0.0], [0.0, 0.7139297345578991, 0.7002173477671686], [-0.0, -0.7002173477671686, 0.7139297345578991]]","{'tagLength': 0.0525, 'tagFamily': 'tag36h11', 'tagId': 0}"
23.png,True,"[0.0, 0.0, 0.1]","[[1.0, -0.0, 0.0], [0.0, 0.7333943835477752, 0.6798034114216983], [-0.0, -0.6798034114216983, 0.7333943835477752]]","{'tagLength': 0.0525, 'tagFamily': 'tag36h11', 'tagId': 0}"
24.png,True,"[0.0, 0.0, 0.1]","[[1.0, -0.0, 0.0], [0.0, 0.7522755429705794, 0.6588486225593249], [-0.0, -0.6588486225593249, 0.7522755429705794]]","{'tagLength': 0.0525, 'tagFamily': 'tag36h11', 'tagId': 0}"
25.png,True,"[0.0, 0.0, 0.1]","[[0.9999999999999999, -0.0, 0.0], [0.0, 0.7705581909502454, 0.6373696528385118], [-0.0, -0.6373696528385118, 0.7705581909502454]]","{'tagLength': 0.0525, 'tagFamily': 'tag36h11', 'tagId': 0}"
26.png,True,"[0.0, 0.0, 0.1]","[[1.0, -0.0, 0.0], [0.0, 0.7882277817872235, 0.6153835909567246], [-0.0, -0.6153835909567246, 0.7882277817872235]]","{'tagLength': 0.0525, 'tagFamily': 'tag36h11', 'tagId': 0}"
27.png,True,"[0.0, 0.0, 0.1]","[[0.9999999999999999, -0.0, 0.0], [0.0, 0.8052702575310585, 0.5929079290546404], [-0.0, -0.5929079290546404, 0.8052702575310585]]","{'tagLength': 0.0525, 'tagFamily': 'tag36h11', 'tagId': 0}"
28.png,True,"[0.0, 0.0, 0.1]","[[1.0, -0.0, 0.0], [0.0, 0.8216720591649151, 0.5699605487993779], [-0.0, -0.5699605487993779, 0.8216720591649151]]","{'tagLength': 0.0525, 'tagFamily': 'tag36h11', 'tagId': 0}"
29.png,True,"[0.0, 0.0, 0.1]","[[1.0, -0.0, 0.0], [0.0, 0.8374201373931495, 0.5465597071578171], [-0.0, -0.5465597071578171, 0.8374201373931495]]","{'tagLength': 0.0525, 'tagFamily': 'tag36h11', 'tagId': 0}"
30.png,True,"[0.0, 0.0, 0.1]","[[1.0, -0.0, 0.0], [0.0, 0.8525019630233464, 0.5227240218713324], [-0.0, -0.5227240218713324, 0.8525019630233464]]","{'tagLength': 0.0525, 'tagFamily': 'tag36h11', 'tagId': 0}"
31.png,True,"[0.0, 0.0, 0.1]","[[1.0, -0.0, 0.0], [0.0, 0.8669055369345617, 0.4984724566434931], [-0.0, -0.4984724566434931, 0.8669055369345617]]","{'tagLength': 0.0525, 'tagFamily': 'tag36h11', 'tagId': 0}"
32.png,True,"[0.0, 0.0, 0.1]","[[1.0, -0.0, 0.0], [0.0, 0.8806193996238407, 0.4738243060525137], [-0.0, -0.4738243060525137, 0.8806193996238407]]","{'tagLength': 0.0525, 'tagFamily': 'tag36h11', 'tagId': 0}"
33.png,True,"[0.0, 0.0, 0.1]","[[0.9999999999999999, -0.0, 0.0], [0.0, 0.8936326403234122, 0.44879918020046206], [-0.0, -0.44879918020046206, 0.8936326403234122]]","{'tagLength': 0.0525, 'tagFamily': 'tag36h11', 'tagId': 0}"
34.png,True,"[0.0, 0.0, 0.1]","[[1.0, -0.0, 0.0], [0.0, 0.9059349056813111, 0.42341698911143605], [-0.0, -0.42341698911143605, 0.9059349056813111]]","{'tagLength': 0.0525, 'tagFamily': 'tag36h11', 'tagId': 0}"
35.png,True,"[0.0, 0.0, 0.1]","[[1.0, -0.0, 0.0], [0.0, 0.9175164079985194, 0.3976979268911198], [-0.0, -0.3976979268911198, 0.9175164079985194]]","{'tagLength': 0.0525, 'tagFamily': 'tag36h11', 'tagId': 0}"
36.png,True,"[0.0, 0.0, 0.1]","[[1.0, -0.0, 0.0], [0.0, 0.9283679330160726, 0.3716624556603275], [-0.0, -0.3716624556603275, 0.9283679330160726]]","{'tagLength': 0.0525, 'tagFamily': 'tag36h11', 'tagId': 0}"
37.png,True,"[0.0, 0.0, 0.1]","[[1.0, -0.0, 0.0], [0.0, 0.9384808472459367, 0.3453312892753113], [-0.0, -0.3453312892753113, 0.9384808472459367]]","{'tagLength': 0.0525, 'tagFamily': 'tag36h11', 'tagId': 0}"
38.png,True,"[0.0, 0.0, 0.1]","[[1.0, -0.0, 0.0], [0.0, 0.9478471048398232, 0.3187253768477895], [-0.0, -0.3187253768477895, 0.9478471048398232]]","{'tagLength': 0.0525, 'tagFamily': 'tag36h11', 'tagId': 0}"
39.png,True,"[0.0, 0.0, 0.1]","[[0.9999999999999999, -0.0, 0.0], [0.0, 0.956459253990476, 0.29186588607780445], [-0.0, -0.29186588607780445, 0.956459253990476]]","{'tagLength': 0.0525, 'tagFamily': 'tag36h11', 'tagId': 0}"
40.png,True,"[0.0, 0.0, 0.1]","[[1.0, -0.0, 0.0], [0.0, 0.9643104428603411, 0.2647741864126726], [-0.0, -0.2647741864126726, 0.9643104428603411]]","{'tagLength': 0.0525, 'tagFamily': 'tag36h11', 'tagId': 0}"
41.png,True,"[0.0, 0.0, 0.1]","[[1.0, -0.0, 0.0], [0.0, 0.9713944250328961, 0.23747183204542235], [-0.0, -0.23747183204542235, 0.9713944250328961]]","{'tagLength': 0.0525, 'tagFamily': 'tag36h11', 'tagId': 0}"
42.png,True,"[0.0, 0.0, 0.1]","[[1.0, -0.0, 0.0], [0.0, 0.9777055644823085, 0.20998054476624842], [-0.0, -0.20998054476624842, 0.9777055644823085]]","{'tagLength': 0.0525, 'tagFamily': 'tag36h11', 'tagId': 0}"
43.png,True,"[0.0, 0.0, 0.1]","[[0.9999999999999999, -0.0, 0.0], [0.0, 0.9832388400574655, 0.1823221966806275], [-0.0, -0.1823221966806275, 0.9832388400574655]]","{'tagLength': 0.0525, 'tagFamily': 'tag36h11', 'tagId': 0}"
44.png,True,"[0.0, 0.0, 0.1]","[[1.0, -0.0, 0.0], [0.0, 0.9879898494768089, 0.1545187928078404], [-0.0, -0.1545187928078404, 0.9879898494768089]]","{'tagLength': 0.0525, 'tagFamily': 'tag36h11', 'tagId': 0}"
45.png,True,"[0.0, 0.0, 0.1]","[[1.0000000000000002, -0.0, 0.0], [0.0, 0.9919548128307955, 0.1265924535737494], [-0.0, -0.1265924535737494, 0.9919548128307955]]","{'tagLength': 0.0525, 'tagFamily': 'tag36h11', 'tagId': 0}"
46.png,True,"[0.0, 0.0, 0.1]","[[1.0, -0.0, 0.0], [0.0, 0.9951305755891982, 0.09856539721175624], [-0.0, -0.09856539721175624, 0.9951305755891982]]","{'tagLength': 0.0525, 'tagFamily': 'tag36h11', 'tagId': 0}"
47.png,True,"[0.0, 0.0, 0.1]","[[1.0, -0.0, 0.0], [0.0, 0.997514611110856, 0.07045992208594715], [-0.0, -0.07045992208594715, 0.997514611110856]]","{'tagLength': 0.0525, 'tagFamily': 'tag36h11', 'tagId': 0}"
48.png,True,"[0.0, 0.0, 0.1]","[[1.0000000000000002, -0.0, 0.0], [0.0, 0.9991050226538719, 0.042298388950483046], [-0.0, -0.042298388950483046, 0.9991050226538719]]","{'tagLength': 0.0525, 'tagFamily': 'tag36h11', 'tagId': 0}"
49.png,True,"[0.0, 0.0, 0.1]","[[1.0, -0.0, 0.0], [0.0, 0.9999005448846631, 0.014103203159353431], [-0.0, -0.014103203159353431, 0.9999005448846631]]","{'tagLength': 0.0525, 'tagFamily': 'tag36h11', 'tagId': 0}"
50.png,True,"[0.0, 0.0, 0.1]","[[1.0, 0.0, 0.0], [0.0, 0.9999005448846631, -0.014103203159353431], [0.0, 0.014103203159353431, 0.9999005448846631]]","{'tagLength': 0.0525, 'tagFamily': 'tag36h11', 'tagId': 0}"
51.png,True,"[0.0, 0.0, 0.1]","[[1.0000000000000002, 0.0, 0.0], [0.0, 0.9991050226538719, -0.042298388950483046], [0.0, 0.042298388950483046, 0.9991050226538719]]","{'tagLength': 0.0525, 'tagFamily': 'tag36h11', 'tagId': 0}"
52.png,True,"[0.0, 0.0, 0.1]","[[1.0, 0.0, 0.0], [0.0, 0.997514611110856, -0.07045992208594715], [0.0, 0.07045992208594715, 0.997514611110856]]","{'tagLength': 0.0525, 'tagFamily': 'tag36h11', 'tagId': 0}"
53.png,True,"[0.0, 0.0, 0.1]","[[1.0, 0.0, 0.0], [0.0, 0.9951305755891982, -0.09856539721175624], [0.0, 0.09856539721175624, 0.9951305755891982]]","{'tagLength': 0.0525, 'tagFamily': 'tag36h11', 'tagId': 0}"
54.png,True,"[0.0, 0.0, 0.1]","[[1.0000000000000002, 0.0, 0.0], [0.0, 0.9919548128307955, -0.12659245357374915], [0.0, 0.12659245357374915, 0.9919548128307955]]","{'tagLength': 0.0525, 'tagFamily': 'tag36h11', 'tagId': 0}"
55.png,True,"[0.0, 0.0, 0.1]","[[1.0, 0.0, 0.0], [0.0, 0.9879898494768089, -0.1545187928078404], [0.0, 0.1545187928078404, 0.9879898494768089]]","{'tagLength': 0.0525, 'tagFamily': 'tag36h11', 'tagId': 0}"
56.png,True,"[0.0, 0.0, 0.1]","[[0.9999999999999999, 0.0, 0.0], [0.0, 0.9832388400574655, -0.1823221966806275], [0.0, 0.1823221966806275, 0.9832388400574655]]","{'tagLength': 0.0525, 'tagFamily': 'tag36h11', 'tagId': 0}"
57.png,True,"[0.0, 0.0, 0.1]","[[1.0, 0.0, 0.0], [0.0, 0.9777055644823085, -0.20998054476624842], [0.0, 0.20998054476624842, 0.9777055644823085]]","{'tagLength': 0.0525, 'tagFamily': 'tag36h11', 'tagId': 0}"
58.png,True,"[0.0, 0.0, 0.1]","[[1.0, 0.0, 0.0], [0.0, 0.9713944250328961, -0.2374718320454221], [0.0, 0.2374718320454221, 0.9713944250328961]]","{'tagLength': 0.0525, 'tagFamily': 'tag36h11', 'tagId': 0}"
59.png,True,"[0.0, 0.0, 0.1]","[[1.0, 0.0, 0.0], [0.0, 0.9643104428603411, -0.2647741864126726], [0.0, 0.2647741864126726, 0.9643104428603411]]","{'tagLength': 0.0525, 'tagFamily': 'tag36h11', 'tagId': 0}"
60.png,True,"[0.0, 0.0, 0.1]","[[0.9999999999999999, 0.0, 0.0], [0.0, 0.956459253990476, -0.29186588607780445], [0.0, 0.29186588607780445, 0.956459253990476]]","{'tagLength': 0.0525, 'tagFamily': 'tag36h11', 'tagId': 0}"
61.png,True,"[0.0, 0.0, 0.1]","[[1.0, 0.0, 0.0], [0.0, 0.9478471048398232, -0.3187253768477895], [0.0, 0.3187253768477895, 0.9478471048398232]]","{'tagLength': 0.0525, 'tagFamily': 'tag36h11', 'tagId': 0}"
62.png,True,"[0.0, 0.0, 0.1]","[[1.0, 0.0, 0.0], [0.0, 0.9384808472459367, -0.34533128927531115], [0.0, 0.34533128927531115, 0.9384808472459367]]","{'tagLength': 0.0525, 'tagFamily': 'tag36h11', 'tagId': 0}"
63.png,True,"[0.0, 0.0, 0.1]","[[1.0, 0.0, 0.0], [0.0, 0.9283679330160726, -0.3716624556603274], [0.0, 0.3716624556603274, 0.9283679330160726]]","{'tagLength': 0.0525, 'tagFamily': 'tag36h11', 'tagId': 0}"
64.png,True,"[0.0, 0.0, 0.1]","[[1.0, 0.0, 0.0], [0.0, 0.9175164079985194, -0.3976979268911198], [0.0, 0.3976979268911198, 0.9175164079985194]]","{'tagLength': 0.0525, 'tagFamily': 'tag36h11', 'tagId': 0}"
65.png,True,"[0.0, 0.0, 0.1]","[[1.0, 0.0, 0.0], [0.0, 0.9059349056813111, -0.42341698911143605], [0.0, 0.42341698911143605, 0.9059349056813111]]","{'tagLength': 0.0525, 'tagFamily': 'tag36h11', 'tagId': 0}"
66.png,True,"[0.0, 0.0, 0.1]","[[0.9999999999999999, 0.0, 0.0], [0.0, 0.8936326403234122, -0.44879918020046217], [0.0, 0.44879918020046217, 0.8936326403234122]]","{'tagLength': 0.0525, 'tagFamily': 'tag36h11', 'tagId': 0}"
67.png,True,"[0.0, 0.0, 0.1]","[[1.0000000000000002, 0.0, 0.0], [0.0, 0.8806193996238411, -0.4738243060525136], [0.0, 0.4738243060525136, 0.8806193996238411]]","{'tagLength': 0.0525, 'tagFamily': 'tag36h11', 'tagId': 0}"
68.png,True,"[0.0, 0.0, 0.1]","[[1.0, 0.0, 0.0], [0.0, 0.8669055369345617, -0.498472456643493], [0.0, 0.498472456643493, 0.8669055369345617]]","{'tagLength': 0.0525, 'tagFamily': 'tag36h11', 'tagId': 0}"
69.png,True,"[0.0, 0.0, 0.1]","[[1.0, 0.0, 0.0], [0.0, 0.8525019630233464, -0.5227240218713324], [0.0, 0.5227240218713324, 0.8525019630233464]]","{'tagLength': 0.0525, 'tagFamily': 'tag36h11', 'tagId': 0}"
70.png,True,"[0.0, 0.0, 0.1]","[[1.0, 0.0, 0.0], [0.0, 0.8374201373931495, -0.5465597071578171], [0.0, 0.5465597071578171, 0.8374201373931495]]","{'tagLength': 0.0525, 'tagFamily': 'tag36h11', 'tagId': 0}"
71.png,True,"[0.0, 0.0, 0.1]","[[1.0, 0.0, 0.0], [0.0, 0.8216720591649154, -0.5699605487993777], [0.0, 0.5699605487993777, 0.8216720591649154]]","{'tagLength': 0.0525, 'tagFamily': 'tag36h11', 'tagId': 0}"
72.png,True,"[0.0, 0.0, 0.1]","[[1.0000000000000002, 0.0, 0.0], [0.0, 0.8052702575310587, -0.5929079290546405], [0.0, 0.5929079290546405, 0.8052702575310587]]","{'tagLength': 0.0525, 'tagFamily': 'tag36h11', 'tagId': 0}"
73.png,True,"[0.0, 0.0, 0.1]","[[1.0, 0.0, 0.0], [0.0, 0.7882277817872235, -0.6153835909567246], [0.0, 0.6153835909567246, 0.7882277817872235]]","{'tagLength': 0.0525, 'tagFamily': 'tag36h11', 'tagId': 0}"
74.png,True,"[0.0, 0.0, 0.1]","[[0.9999999999999999, 0.0, 0.0], [0.0, 0.7705581909502454, -0.6373696528385118], [0.0, 0.6373696528385118, 0.7705581909502454]]","{'tagLength': 0.0525, 'tagFamily': 'tag36h11', 'tagId': 0}"
75.png,True,"[0.0, 0.0, 0.1]","[[1.0, 0.0, 0.0], [0.0, 0.7522755429705794, -0.6588486225593249], [0.0, 0.6588486225593249, 0.7522755429705794]]","{'tagLength': 0.0525, 'tagFamily': 'tag36h11', 'tagId': 0}"
76.png,True,"[0.0, 0.0, 0.1]","[[1.0, 0.0, 0.0], [0.0, 0.7333943835477752, -0.6798034114216982], [0.0, 0.6798034114216982, 0.7333943835477752]]","{'tagLength': 0.0525, 'tagFamily': 'tag36h11', 'tagId': 0}"
77.png,True,"[0.0, 0.0, 0.1]","[[1.0, 0.0, 0.0], [0.0, 0.7139297345578991, -0.7002173477671686], [0.0, 0.7002173477671686, 0.7139297345578991]]","{'tagLength': 0.0525, 'tagFamily': 'tag36h11', 'tagId': 0}"
78.png,True,"[0.0, 0.0, 0.1]","[[1.0, 0.0, 0.0], [0.0, 0.6938970821021089, -0.7200741902402689], [0.0, 0.7200741902402689, 0.6938970821021089]]","{'tagLength': 0.0525, 'tagFamily': 'tag36h11', 'tagId': 0}"
79.png,True,"[0.0, 0.0, 0.1]","[[1.0, 0.0, 0.0], [0.0, 0.6733123641858916, -0.7393581407101738], [0.0, 0.7393581407101738, 0.6733123641858916]]","{'tagLength': 0.0525, 'tagFamily': 'tag36h11', 'tagId': 0}"
80.png,True,"[0.0, 0.0, 0.1]","[[1.0, 0.0, 0.0], [0.0, 0.6521919580387625, -0.7580538568397135], [0.0, 0.7580538568397135, 0.6521919580387625]]","{'tagLength': 0.0525, 'tagFamily': 'tag36h11', 'tagId': 0}"
81.png,True,"[0.0, 0.0, 0.1]","[[1.0, 0.0, 0.0], [0.0, 0.6305526670845226, -0.7761464642917568], [0.0, 0.7761464642917568, 0.6305526670845226]]","{'tagLength': 0.0525, 'tagFamily': 'tag36h11', 'tagId': 0}"
82.png,True,"[0.0, 0.0, 0.1]","[[1.0, 0.0, 0.0], [0.0, 0.6084117075724278, -0.7936215685632559], [0.0, 0.7936215685632559, 0.6084117075724278]]","{'tagLength': 0.0525, 'tagFamily': 'tag36h11', 'tagId': 0}"
83.png,True,"[0.0, 0.0, 0.1]","[[1.0, 0.0, 0.0], [0.0, 0.5857866948799202, -0.8104652664375317], [0.0, 0.8104652664375317, 0.5857866948799202]]","{'tagLength': 0.0525, 'tagFamily': 'tag36h11', 'tagId': 0}"
84.png,True,"[0.0, 0.0, 0.1]","[[1.0, 0.0, 0.0], [0.0, 0.5626956294978103, -0.8266641570456911], [0.0, 0.8266641570456911, 0.5626956294978103]]","{'tagLength': 0.0525, 'tagFamily': 'tag36h11', 'tagId': 0}"
85.png,True,"[0.0, 0.0, 0.1]","[[1.0, 0.0, 0.0], [0.0, 0.5391568827090594, -0.842205352528378], [0.0, 0.842205352528378, 0.5391568827090594]]","{'tagLength': 0.0525, 'tagFamily': 'tag36h11', 'tagId': 0}"
86.png,True,"[0.0, 0.0, 0.1]","[[1.0000000000000002, 0.0, 0.0], [0.0, 0.5151891819725657, -0.8570764882893701], [0.0, 0.8570764882893701, 0.5151891819725657]]","{'tagLength': 0.0525, 'tagFamily': 'tag36h11', 'tagId': 0}"
87.png,True,"[0.0, 0.0, 0.1]","[[1.0, 0.0, 0.0], [0.0, 0.49081159602356833, -0.8712657328328698], [0.0, 0.8712657328328698, 0.49081159602356833]]","{'tagLength': 0.0525, 'tagFamily': 'tag36h11', 'tagId': 0}"
88.png,True,"[0.0, 0.0, 0.1]","[[1.0, 0.0, 0.0], [0.0, 0.46604351970253877, -0.8847617971766578], [0.0, 0.8847617971766578, 0.46604351970253877]]","{'tagLength': 0.0525, 'tagFamily': 'tag36h11', 'tagId': 0}"
89.png,True,"[0.0, 0.0, 0.1]","[[1.0, 0.0, 0.0], [0.0, 0.4409046585246193, -0.8975539438336221], [0.0, 0.8975539438336221, 0.4409046585246193]]","{'tagLength': 0.0525, 'tagFamily': 'tag36h11', 'tagId': 0}"
90.png,True,"[0.0, 0.0, 0.1]","[[0.9999999999999999, 0.0, 0.0], [0.0, 0.41541501300188666, -0.9096319953545182], [0.0, 0.9096319953545182, 0.41541501300188666]]","{'tagLength': 0.0525, 'tagFamily': 'tag36h11', 'tagId': 0}"
91.png,True,"[0.0, 0.0, 0.1]","[[1.0, 0.0, 0.0], [0.0, 0.38959486273091826, -0.9209863424251615], [0.0, 0.9209863424251615, 0.38959486273091826]]","{'tagLength': 0.0525, 'tagFamily': 'tag36h11', 'tagId': 0}"
92.png,True,"[0.0, 0.0, 0.1]","[[1.0, 0.0, 0.0], [0.0, 0.3634647502583194, -0.9316079515116097], [0.0, 0.9316079515116097, 0.3634647502583194]]","{'tagLength': 0.0525, 'tagFamily': 'tag36h11', 'tagId': 0}"
93.png,True,"[0.0, 0.0, 0.1]","[[1.0, 0.0, 0.0], [0.0, 0.3370454647370418, -0.9414883720472556], [0.0, 0.9414883720472556, 0.3370454647370418]]","{'tagLength': 0.0525, 'tagFamily': 'tag36h11', 'tagId': 0}"
94.png,True,"[0.0, 0.0, 0.1]","[[1.0, 0.0, 0.0], [0.0, 0.3103580253865087, -0.9506197431561094], [0.0, 0.9506197431561094, 0.3103580253865087]]","{'tagLength': 0.0525, 'tagFamily': 'tag36h11', 'tagId': 0}"
95.png,True,"[0.0, 0.0, 0.1]","[[1.0, 0.0, 0.0], [0.0, 0.28342366476969316, -0.9589947999069216], [0.0, 0.9589947999069216, 0.28342366476969316]]","{'tagLength': 0.0525, 'tagFamily': 'tag36h11', 'tagId': 0}"
96.png,True,"[0.0, 0.0, 0.1]","[[1.0, 0.0, 0.0], [0.0, 0.25626381190046255, -0.9666068790931732], [0.0, 0.9666068790931732, 0.25626381190046255]]","{'tagLength': 0.0525, 'tagFamily': 'tag36h11', 'tagId': 0}"
97.png,True,"[0.0, 0.0, 0.1]","[[1.0, 0.0, 0.0], [0.0, 0.22890007519462802, -0.9734499245343304], [0.0, 0.9734499245343304, 0.22890007519462802]]","{'tagLength': 0.0525, 'tagFamily': 'tag36h11', 'tagId': 0}"
98.png,True,"[0.0, 0.0, 0.1]","[[1.0, 0.0, 0.0], [0.0, 0.20135422527825547, -0.9795184918941517], [0.0, 0.9795184918941517, 0.20135422527825547]]","{'tagLength': 0.0525, 'tagFamily': 'tag36h11', 'tagId': 0}"
99.png,True,"[0.0, 0.0, 0.1]","[[0.9999999999999999, 0.0, 0.0], [0.0, 0.17364817766693041, -0.9848077530122079], [0.0, 0.9848077530122079, 0.17364817766693041]]","{'tagLength': 0.0525, 'tagFamily': 'tag36h11', 'tagId': 0}"
100.png,True,"[0.0, 0.0, 0.1]","[[0.17364817766693041, -0.0, -0.9848077530122079], [0.0, 0.9999999999999999, -0.0], [0.9848077530122079, 0.0, 0.17364817766693041]]","{'tagLength': 0.0525, 'tagFamily': 'tag36h11', 'tagId': 0}"
101.png,True,"[0.0, 0.0, 0.1]","[[0.20135422527825558, -0.0, -0.9795184918941519], [0.0, 1.0, -0.0], [0.9795184918941519, 0.0, 0.20135422527825558]]","{'tagLength': 0.0525, 'tagFamily': 'tag36h11', 'tagId': 0}"
102.png,True,"[0.0, 0.0, 0.1]","[[0.22890007519462802, -0.0, -0.9734499245343304], [0.0, 1.0, -0.0], [0.9734499245343304, 0.0, 0.22890007519462802]]","{'tagLength': 0.0525, 'tagFamily': 'tag36h11', 'tagId': 0}"
103.png,True,"[0.0, 0.0, 0.1]","[[0.25626381190046255, -0.0, -0.9666068790931732], [0.0, 1.0, -0.0], [0.9666068790931732, 0.0, 0.25626381190046255]]","{'tagLength': 0.0525, 'tagFamily': 'tag36h11', 'tagId': 0}"
104.png,True,"[0.0, 0.0, 0.1]","[[0.28342366476969283, -0.0, -0.9589947999069217], [0.0, 1.0, -0.0], [0.9589947999069217, 0.0, 0.28342366476969283]]","{'tagLength': 0.0525, 'tagFamily': 'tag36h11', 'tagId': 0}"
105.png,True,"[0.0, 0.0, 0.1]","[[0.3103580253865087, -0.0, -0.9506197431561094], [0.0, 1.0, -0.0], [0.9506197431561094, 0.0, 0.3103580253865087]]","{'tagLength': 0.0525, 'tagFamily': 'tag36h11', 'tagId': 0}"
106.png,True,"[0.0, 0.0, 0.1]","[[0.3370454647370418, -0.0, -0.9414883720472556], [0.0, 1.0, -0.0], [0.9414883720472556, 0.0, 0.3370454647370418]]","{'tagLength': 0.0525, 'tagFamily': 'tag36h11', 'tagId': 0}"
107.png,True,"[0.0, 0.0, 0.1]","[[0.36346475025831904, -0.0, -0.9316079515116097], [0.0, 1.0, -0.0], [0.9316079515116097, 0.0, 0.36346475025831904]]","{'tagLength': 0.0525, 'tagFamily': 'tag36h11', 'tagId': 0}"
108.png,True,"[0.0, 0.0, 0.1]","[[0.38959486273091826, -0.0, -0.9209863424251615], [0.0, 1.0, -0.0], [0.9209863424251615, 0.0, 0.38959486273091826]]","{'tagLength': 0.0525, 'tagFamily': 'tag36h11', 'tagId': 0}"
109.png,True,"[0.0, 0.0, 0.1]","[[0.4154150130018865, -0.0, -0.9096319953545183], [0.0, 1.0, -0.0], [0.9096319953545183, 0.0, 0.4154150130018865]]","{'tagLength': 0.0525, 'tagFamily': 'tag36h11', 'tagId': 0}"
110.png,True,"[0.0, 0.0, 0.1]","[[0.4409046585246193, -0.0, -0.8975539438336221], [0.0, 1.0, -0.0], [0.8975539438336221, 0.0, 0.4409046585246193]]","{'tagLength': 0.0525, 'tagFamily': 'tag36h11', 'tagId': 0}"
111.png,True,"[0.0, 0.0, 0.1]","[[0.4660435197025389, -0.0, -0.8847617971766576], [0.0, 0.9999999999999999, -0.0], [0.8847617971766576, 0.0, 0.4660435197025389]]","{'tagLength': 0.0525, 'tagFamily': 'tag36h11', 'tagId': 0}"
112.png,True,"[0.0, 0.0, 0.1]","[[0.490811596023568, -0.0, -0.8712657328328699], [0.0, 1.0, -0.0], [0.8712657328328699, 0.0, 0.490811596023568]]","{'tagLength': 0.0525, 'tagFamily': 'tag36h11', 'tagId': 0}"
113.png,True,"[0.0, 0.0, 0.1]","[[0.5151891819725657, -0.0, -0.8570764882893701], [0.0, 1.0000000000000002, -0.0], [0.8570764882893701, 0.0, 0.5151891819725657]]","{'tagLength': 0.0525, 'tagFamily': 'tag36h11', 'tagId': 0}"
114.png,True,"[0.0, 0.0, 0.1]","[[0.5391568827090597, -0.0, -0.8422053525283779], [0.0, 1.0, -0.0], [0.8422053525283779, 0.0, 0.5391568827090597]]","{'tagLength': 0.0525, 'tagFamily': 'tag36h11', 'tagId': 0}"
115.png,True,"[0.0, 0.0, 0.1]","[[0.5626956294978103, -0.0, -0.8266641570456911], [0.0, 1.0, -0.0], [0.8266641570456911, 0.0, 0.5626956294978103]]","{'tagLength': 0.0525, 'tagFamily': 'tag36h11', 'tagId': 0}"
116.png,True,"[0.0, 0.0, 0.1]","[[0.5857866948799202, -0.0, -0.8104652664375317], [0.0, 1.0, -0.0], [0.8104652664375317, 0.0, 0.5857866948799202]]","{'tagLength': 0.0525, 'tagFamily': 'tag36h11', 'tagId': 0}"
117.png,True,"[0.0, 0.0, 0.1]","[[0.6084117075724275, -0.0, -0.7936215685632559], [0.0, 0.9999999999999999, -0.0], [0.7936215685632559, 0.0, 0.6084117075724275]]","{'tagLength': 0.0525, 'tagFamily': 'tag36h11', 'tagId': 0}"
118.png,True,"[0.0, 0.0, 0.1]","[[0.6305526670845226, -0.0, -0.7761464642917568], [0.0, 1.0, -0.0], [0.7761464642917568, 0.0, 0.6305526670845226]]","{'tagLength': 0.0525, 'tagFamily': 'tag36h11', 'tagId': 0}"
119.png,True,"[0.0, 0.0, 0.1]","[[0.6521919580387628, -0.0, -0.7580538568397135], [0.0, 1.0, -0.0], [0.7580538568397135, 0.0, 0.6521919580387628]]","{'tagLength': 0.0525, 'tagFamily': 'tag36h11', 'tagId': 0}"
120.png,True,"[0.0, 0.0, 0.1]","[[0.6733123641858916, -0.0, -0.7393581407101739], [0.0, 1.0, -0.0], [0.7393581407101739, 0.0, 0.6733123641858916]]","{'tagLength': 0.0525, 'tagFamily': 'tag36h11', 'tagId': 0}"
121.png,True,"[0.0, 0.0, 0.1]","[[0.6938970821021089, -0.0, -0.7200741902402689], [0.0, 1.0, -0.0], [0.7200741902402689, 0.0, 0.6938970821021089]]","{'tagLength': 0.0525, 'tagFamily': 'tag36h11', 'tagId': 0}"
122.png,True,"[0.0, 0.0, 0.1]","[[0.7139297345578991, -0.0, -0.7002173477671686], [0.0, 1.0, -0.0], [0.7002173477671686, 0.0, 0.7139297345578991]]","{'tagLength': 0.0525, 'tagFamily': 'tag36h11', 'tagId': 0}"
123.png,True,"[0.0, 0.0, 0.1]","[[0.7333943835477752, -0.0, -0.6798034114216983], [0.0, 1.0, -0.0], [0.6798034114216983, 0.0, 0.7333943835477752]]","{'tagLength': 0.0525, 'tagFamily': 'tag36h11', 'tagId': 0}"
124.png,True,"[0.0, 0.0, 0.1]","[[0.7522755429705794, -0.0, -0.6588486225593249], [0.0, 1.0, -0.0], [0.6588486225593249, 0.0, 0.7522755429705794]]","{'tagLength': 0.0525, 'tagFamily': 'tag36h11', 'tagId': 0}"
125.png,True,"[0.0, 0.0, 0.1]","[[0.7705581909502454, -0.0, -0.6373696528385118], [0.0, 0.9999999999999999, -0.0], [0.6373696528385118, 0.0, 0.7705581909502454]]","{'tagLength': 0.0525, 'tagFamily': 'tag36h11', 'tagId': 0}"
126.png,True,"[0.0, 0.0, 0.1]","[[0.7882277817872235, -0.0, -0.6153835909567246], [0.0, 1.0, -0.0], [0.6153835909567246, 0.0, 0.7882277817872235]]","{'tagLength': 0.0525, 'tagFamily': 'tag36h11', 'tagId': 0}"
127.png,True,"[0.0, 0.0, 0.1]","[[0.8052702575310585, -0.0, -0.5929079290546404], [0.0, 0.9999999999999999, -0.0], [0.5929079290546404, 0.0, 0.8052702575310585]]","{'tagLength': 0.0525, 'tagFamily': 'tag36h11', 'tagId': 0}"
128.png,True,"[0.0, 0.0, 0.1]","[[0.8216720591649151, -0.0, -0.5699605487993779], [0.0, 1.0, -0.0], [0.5699605487993779, 0.0, 0.8216720591649151]]","{'tagLength': 0.0525, 'tagFamily': 'tag36h11', 'tagId': 0}"
129.png,True,"[0.0, 0.0, 0.1]","[[0.8374201373931495, -0.0, -0.5465597071578171], [0.0, 1.0, -0.0], [0.5465597071578171, 0.0, 0.8374201373931495]]","{'tagLength': 0.0525, 'tagFamily': 'tag36h11', 'tagId': 0}"
130.png,True,"[0.0, 0.0, 0.1]","[[0.8525019630233464, -0.0, -0.5227240218713324], [0.0, 1.0, -0.0], [0.5227240218713324, 0.0, 0.8525019630233464]]","{'tagLength': 0.0525, 'tagFamily': 'tag36h11', 'tagId': 0}"
131.png,True,"[0.0, 0.0, 0.1]","[[0.8669055369345617, -0.0, -0.4984724566434931], [0.0, 1.0, -0.0], [0.4984724566434931, 0.0, 0.8669055369345617]]","{'tagLength': 0.0525, 'tagFamily': 'tag36h11', 'tagId': 0}"
132.png,True,"[0.0, 0.0, 0.1]","[[0.8806193996238407, -0.0, -0.4738243060525137], [0.0, 1.0, -0.0], [0.4738243060525137, 0.0, 0.8806193996238407]]","{'tagLength': 0.0525, 'tagFamily': 'tag36h11', 'tagId': 0}"
133.png,True,"[0.0, 0.0, 0.1]","[[0.8936326403234122, -0.0, -0.44879918020046206], [0.0, 0.9999999999999999, -0.0], [0.44879918020046206, 0.0, 0.8936326403234122]]","{'tagLength': 0.0525, 'tagFamily': 'tag36h11', 'tagId': 0}"
134.png,True,"[0.0, 0.0, 0.1]","[[0.9059349056813111, -0.0, -0.42341698911143605], [0.0, 1.0, -0.0], [0.42341698911143605, 0.0, 0.9059349056813111]]","{'tagLength': 0.0525, 'tagFamily': 'tag36h11', 'tagId': 0}"
135.png,True,"[0.0, 0.0, 0.1]","[[0.9175164079985194, -0.0, -0.3976979268911198], [0.0, 1.0, -0.0], [0.3976979268911198, 0.0, 0.9175164079985194]]","{'tagLength': 0.0525, 'tagFamily': 'tag36h11', 'tagId': 0}"
136.png,True,"[0.0, 0.0, 0.1]","[[0.9283679330160726, -0.0, -0.3716624556603275], [0.0, 1.0, -0.0], [0.3716624556603275, 0.0, 0.9283679330160726]]","{'tagLength': 0.0525, 'tagFamily': 'tag36h11', 'tagId': 0}"
137.png,True,"[0.0, 0.0, 0.1]","[[0.9384808472459367, -0.0, -0.3453312892753113], [0.0, 1.0, -0.0], [0.3453312892753113, 0.0, 0.9384808472459367]]","{'tagLength': 0.0525, 'tagFamily': 'tag36h11', 'tagId': 0}"
138.png,True,"[0.0, 0.0, 0.1]","[[0.9478471048398232, -0.0, -0.3187253768477895], [0.0, 1.0, -0.0], [0.3187253768477895, 0.0, 0.9478471048398232]]","{'tagLength': 0.0525, 'tagFamily': 'tag36h11', 'tagId': 0}"
139.png,True,"[0.0, 0.0, 0.1]","[[0.956459253990476, -0.0, -0.29186588607780445], [0.0, 0.9999999999999999, -0.0], [0.29186588607780445, 0.0, 0.956459253990476]]","{'tagLength': 0.0525, 'tagFamily': 'tag36h11', 'tagId': 0}"
140.png,True,"[0.0, 0.0, 0.1]","[[0.9643104428603411, -0.0, -0.2647741864126726], [0.0, 1.0, -0.0], [0.2647741864126726, 0.0, 0.9643104428603411]]","{'tagLength': 0.0525, 'tagFamily': 'tag36h11', 'tagId': 0}"
141.png,True,"[0.0, 0.0, 0.1]","[[0.9713944250328961, -0.0, -0.23747183204542235], [0.0, 1.0, -0.0], [0.23747183204542235, 0.0, 0.9713944250328961]]","{'tagLength': 0.0525, 'tagFamily': 'tag36h11', 'tagId': 0}"
142.png,True,"[0.0, 0.0, 0.1]","[[0.9777055644823085, -0.0, -0.20998054476624842], [0.0, 1.0, -0.0], [0.20998054476624842, 0.0, 0.9777055644823085]]","{'tagLength': 0.0525, 'tagFamily': 'tag36h11', 'tagId': 0}"
143.png,True,"[0.0, 0.0, 0.1]","[[0.9832388400574655, -0.0, -0.1823221966806275], [0.0, 0.9999999999999999, -0.0], [0.1823221966806275, 0.0, 0.9832388400574655]]","{'tagLength': 0.0525, 'tagFamily': 'tag36h11', 'tagId': 0}"
144.png,True,"[0.0, 0.0, 0.1]","[[0.9879898494768089, -0.0, -0.1545187928078404], [0.0, 1.0, -0.0], [0.1545187928078404, 0.0, 0.9879898494768089]]","{'tagLength': 0.0525, 'tagFamily': 'tag36h11', 'tagId': 0}"
145.png,True,"[0.0, 0.0, 0.1]","[[0.9919548128307955, -0.0, -0.1265924535737494], [0.0, 1.0000000000000002, -0.0], [0.1265924535737494, 0.0, 0.9919548128307955]]","{'tagLength': 0.0525, 'tagFamily': 'tag36h11', 'tagId': 0}"
146.png,True,"[0.0, 0.0, 0.1]","[[0.9951305755891982, -0.0, -0.09856539721175624], [0.0, 1.0, -0.0], [0.09856539721175624, 0.0, 0.9951305755891982]]","{'tagLength': 0.0525, 'tagFamily': 'tag36h11', 'tagId': 0}"
147.png,True,"[0.0, 0.0, 0.1]","[[0.997514611110856, -0.0, -0.07045992208594715], [0.0, 1.0, -0.0], [0.07045992208594715, 0.0, 0.997514611110856]]","{'tagLength': 0.0525, 'tagFamily': 'tag36h11', 'tagId': 0}"
148.png,True,"[0.0, 0.0, 0.1]","[[0.9991050226538719, -0.0, -0.042298388950483046], [0.0, 1.0000000000000002, -0.0], [0.042298388950483046, 0.0, 0.9991050226538719]]","{'tagLength': 0.0525, 'tagFamily': 'tag36h11', 'tagId': 0}"
149.png,True,"[0.0, 0.0, 0.1]","[[0.9999005448846631, -0.0, -0.014103203159353431], [0.0, 1.0, -0.0], [0.014103203159353431, 0.0, 0.9999005448846631]]","{'tagLength': 0.0525, 'tagFamily': 'tag36h11', 'tagId': 0}"
150.png,True,"[0.0, 0.0, 0.1]","[[0.9999005448846631, 0.0, 0.014103203159353431], [0.0, 1.0, 0.0], [-0.014103203159353431, 0.0, 0.9999005448846631]]","{'tagLength': 0.0525, 'tagFamily': 'tag36h11', 'tagId': 0}"
151.png,True,"[0.0, 0.0, 0.1]","[[0.9991050226538719, 0.0, 0.042298388950483046], [0.0, 1.0000000000000002, 0.0], [-0.042298388950483046, 0.0, 0.9991050226538719]]","{'tagLength': 0.0525, 'tagFamily': 'tag36h11', 'tagId': 0}"
152.png,True,"[0.0, 0.0, 0.1]","[[0.997514611110856, 0.0, 0.07045992208594715], [0.0, 1.0, 0.0], [-0.07045992208594715, 0.0, 0.997514611110856]]","{'tagLength': 0.0525, 'tagFamily': 'tag36h11', 'tagId': 0}"
153.png,True,"[0.0, 0.0, 0.1]","[[0.9951305755891982, 0.0, 0.09856539721175624], [0.0, 1.0, 0.0], [-0.09856539721175624, 0.0, 0.9951305755891982]]","{'tagLength': 0.0525, 'tagFamily': 'tag36h11', 'tagId': 0}"
154.png,True,"[0.0, 0.0, 0.1]","[[0.9919548128307955, 0.0, 0.12659245357374915], [0.0, 1.0000000000000002, 0.0], [-0.12659245357374915, 0.0, 0.9919548128307955]]","{'tagLength': 0.0525, 'tagFamily': 'tag36h11', 'tagId': 0}"
155.png,True,"[0.0, 0.0, 0.1]","[[0.9879898494768089, 0.0, 0.1545187928078404], [0.0, 1.0, 0.0], [-0.1545187928078404, 0.0, 0.9879898494768089]]","{'tagLength': 0.0525, 'tagFamily': 'tag36h11', 'tagId': 0}"
156.png,True,"[0.0, 0.0, 0.1]","[[0.9832388400574655, 0.0, 0.1823221966806275], [0.0, 0.9999999999999999, 0.0], [-0.1823221966806275, 0.0, 0.9832388400574655]]","{'tagLength': 0.0525, 'tagFamily': 'tag36h11', 'tagId': 0}"
157.png,True,"[0.0, 0.0, 0.1]","[[0.9777055644823085, 0.0, 0.20998054476624842], [0.0, 1.0, 0.0], [-0.20998054476624842, 0.0, 0.9777055644823085]]","{'tagLength': 0.0525, 'tagFamily': 'tag36h11', 'tagId': 0}"
158.png,True,"[0.0, 0.0, 0.1]","[[0.9713944250328961, 0.0, 0.2374718320454221], [0.0, 1.0, 0.0], [-0.2374718320454221, 0.0, 0.9713944250328961]]","{'tagLength': 0.0525, 'tagFamily': 'tag36h11', 'tagId': 0}"
159.png,True,"[0.0, 0.0, 0.1]","[[0.9643104428603411, 0.0, 0.2647741864126726], [0.0, 1.0, 0.0], [-0.2647741864126726, 0.0, 0.9643104428603411]]","{'tagLength': 0.0525, 'tagFamily': 'tag36h11', 'tagId': 0}"
160.png,True,"[0.0, 0.0, 0.1]","[[0.956459253990476, 0.0, 0.29186588607780445], [0.0, 0.9999999999999999, 0.0], [-0.29186588607780445, 0.0, 0.956459253990476]]","{'tagLength': 0.0525, 'tagFamily': 'tag36h11', 'tagId': 0}"
161.png,True,"[0.0, 0.0, 0.1]","[[0.9478471048398232, 0.0, 0.3187253768477895], [0.0, 1.0, 0.0], [-0.3187253768477895, 0.0, 0.9478471048398232]]","{'tagLength': 0.0525, 'tagFamily': 'tag36h11', 'tagId': 0}"
162.png,True,"[0.0, 0.0, 0.1]","[[0.9384808472459367, 0.0, 0.34533128927531115], [0.0, 1.0, 0.0], [-0.34533128927531115, 0.0, 0.9384808472459367]]","{'tagLength': 0.0525, 'tagFamily': 'tag36h11', 'tagId': 0}"
163.png,True,"[0.0, 0.0, 0.1]","[[0.9283679330160726, 0.0, 0.3716624556603274], [0.0, 1.0, 0.0], [-0.3716624556603274, 0.0, 0.9283679330160726]]","{'tagLength': 0.0525, 'tagFamily': 'tag36h11', 'tagId': 0}"
164.png,True,"[0.0, 0.0, 0.1]","[[0.9175164079985194, 0.0, 0.3976979268911198], [0.0, 1.0, 0.0], [-0.3976979268911198, 0.0, 0.9175164079985194]]","{'tagLength': 0.0525, 'tagFamily': 'tag36h11', 'tagId': 0}"
165.png,True,"[0.0, 0.0, 0.1]","[[0.9059349056813111, 0.0, 0.42341698911143605], [0.0, 1.0, 0.0], [-0.42341698911143605, 0.0, 0.9059349056813111]]","{'tagLength': 0.0525, 'tagFamily': 'tag36h11', 'tagId': 0}"
166.png,True,"[0.0, 0.0, 0.1]","[[0.8936326403234122, 0.0, 0.44879918020046217], [0.0, 0.9999999999999999, 0.0], [-0.44879918020046217, 0.0, 0.8936326403234122]]","{'tagLength': 0.0525, 'tagFamily': 'tag36h11', 'tagId': 0}"
167.png,True,"[0.0, 0.0, 0.1]","[[0.8806193996238411, 0.0, 0.4738243060525136], [0.0, 1.0000000000000002, 0.0], [-0.4738243060525136, 0.0, 0.8806193996238411]]","{'tagLength': 0.0525, 'tagFamily': 'tag36h11', 'tagId': 0}"
168.png,True,"[0.0, 0.0, 0.1]","[[0.8669055369345617, 0.0, 0.498472456643493], [0.0, 1.0, 0.0], [-0.498472456643493, 0.0, 0.8669055369345617]]","{'tagLength': 0.0525, 'tagFamily': 'tag36h11', 'tagId': 0}"
169.png,True,"[0.0, 0.0, 0.1]","[[0.8525019630233464, 0.0, 0.5227240218713324], [0.0, 1.0, 0.0], [-0.5227240218713324, 0.0, 0.8525019630233464]]","{'tagLength': 0.0525, 'tagFamily': 'tag36h11', 'tagId': 0}"
170.png,True,"[0.0, 0.0, 0.1]","[[0.8374201373931495, 0.0, 0.5465597071578171], [0.0, 1.0, 0.0], [-0.5465597071578171, 0.0, 0.8374201373931495]]","{'tagLength': 0.0525, 'tagFamily': 'tag36h11', 'tagId': 0}"
171.png,True,"[0.0, 0.0, 0.1]","[[0.8216720591649154, 0.0, 0.5699605487993777], [0.0, 1.0, 0.0], [-0.5699605487993777, 0.0, 0.8216720591649154]]","{'tagLength': 0.0525, 'tagFamily': 'tag36h11', 'tagId': 0}"
172.png,True,"[0.0, 0.0, 0.1]","[[0.8052702575310587, 0.0, 0.5929079290546405], [0.0, 1.0000000000000002, 0.0], [-0.5929079290546405, 0.0, 0.8052702575310587]]","{'tagLength': 0.0525, 'tagFamily': 'tag36h11', 'tagId': 0}"
173.png,True,"[0.0, 0.0, 0.1]","[[0.7882277817872235, 0.0, 0.6153835909567246], [0.0, 1.0, 0.0], [-0.6153835909567246, 0.0, 0.7882277817872235]]","{'tagLength': 0.0525, 'tagFamily': 'tag36h11', 'tagId': 0}"
174.png,True,"[0.0, 0.0, 0.1]","[[0.7705581909502454, 0.0, 0.6373696528385118], [0.0, 0.9999999999999999, 0.0], [-0.6373696528385118, 0.0, 0.7705581909502454]]","{'tagLength': 0.0525, 'tagFamily': 'tag36h11', 'tagId': 0}"
175.png,True,"[0.0, 0.0, 0.1]","[[0.7522755429705794, 0.0, 0.6588486225593249], [0.0, 1.0, 0.0], [-0.6588486225593249, 0.0, 0.7522755429705794]]","{'tagLength': 0.0525, 'tagFamily': 'tag36h11', 'tagId': 0}"
176.png,True,"[0.0, 0.0, 0.1]","[[0.7333943835477752, 0.0, 0.6798034114216982], [0.0, 1.0, 0.0], [-0.6798034114216982, 0.0, 0.7333943835477752]]","{'tagLength': 0.0525, 'tagFamily': 'tag36h11', 'tagId': 0}"
177.png,True,"[0.0, 0.0, 0.1]","[[0.7139297345578991, 0.0, 0.7002173477671686], [0.0, 1.0, 0.0], [-0.7002173477671686, 0.0, 0.7139297345578991]]","{'tagLength': 0.0525, 'tagFamily': 'tag36h11', 'tagId': 0}"
178.png,True,"[0.0, 0.0, 0.1]","[[0.6938970821021089, 0.0, 0.7200741902402689], [0.0, 1.0, 0.0], [-0.7200741902402689, 0.0, 0.6938970821021089]]","{'tagLength': 0.0525, 'tagFamily': 'tag36h11', 'tagId': 0}"
179.png,True,"[0.0, 0.0, 0.1]","[[0.6733123641858916, 0.0, 0.7393581407101738], [0.0, 1.0, 0.0], [-0.7393581407101738, 0.0, 0.6733123641858916]]","{'tagLength': 0.0525, 'tagFamily': 'tag36h11', 'tagId': 0}"
180.png,True,"[0.0, 0.0, 0.1]","[[0.6521919580387625, 0.0, 0.7580538568397135], [0.0, 1.0, 0.0], [-0.7580538568397135, 0.0, 0.6521919580387625]]","{'tagLength': 0.0525, 'tagFamily': 'tag36h11', 'tagId': 0}"
181.png,True,"[0.0, 0.0, 0.1]","[[0.6305526670845226, 0.0, 0.7761464642917568], [0.0, 1.0, 0.0], [-0.7761464642917568, 0.0, 0.6305526670845226]]","{'tagLength': 0.0525, 'tagFamily': 'tag36h11', 'tagId': 0}"
182.png,True,"[0.0, 0.0, 0.1]","[[0.6084117075724278, 0.0, 0.7936215685632559], [0.0, 1.0, 0.0], [-0.7936215685632559, 0.0, 0.6084117075724278]]","{'tagLength': 0.0525, 'tagFamily': 'tag36h11', 'tagId': 0}"
183.png,True,"[0.0, 0.0, 0.1]","[[0.5857866948799202, 0.0, 0.8104652664375317], [0.0, 1.0, 0.0], [-0.8104652664375317, 0.0, 0.5857866948799202]]","{'tagLength': 0.0525, 'tagFamily': 'tag36h11', 'tagId': 0}"
184.png,True,"[0.0, 0.0, 0.1]","[[0.5626956294978103, 0.0, 0.8266641570456911], [0.0, 1.0, 0.0], [-0.8266641570456911, 0.0, 0.5626956294978103]]","{'tagLength': 0.0525, 'tagFamily': 'tag36h11', 'tagId': 0}"
185.png,True,"[0.0, 0.0, 0.1]","[[0.5391568827090594, 0.0, 0.842205352528378], [0.0, 1.0, 0.0], [-0.842205352528378, 0.0, 0.5391568827090594]]","{'tagLength': 0.0525, 'tagFamily': 'tag36h11', 'tagId': 0}"
186.png,True,"[0.0, 0.0, 0.1]","[[0.5151891819725657, 0.0, 0.8570764882893701], [0.0, 1.0000000000000002, 0.0], [-0.8570764882893701, 0.0, 0.5151891819725657]]","{'tagLength': 0.0525, 'tagFamily': 'tag36h11', 'tagId': 0}"
187.png,True,"[0.0, 0.0, 0.1]","[[0.49081159602356833, 0.0, 0.8712657328328698], [0.0, 1.0, 0.0], [-0.8712657328328698, 0.0, 0.49081159602356833]]","{'tagLength': 0.0525, 'tagFamily': 'tag36h11', 'tagId': 0}"
188.png,True,"[0.0, 0.0, 0.1]","[[0.46604351970253877, 0.0, 0.8847617971766578], [0.0, 1.0, 0.0], [-0.8847617971766578, 0.0, 0.46604351970253877]]","{'tagLength': 0.0525, 'tagFamily': 'tag36h11', 'tagId': 0}"
189.png,True,"[0.0, 0.0, 0.1]","[[0.4409046585246193, 0.0, 0.8975539438336221], [0.0, 1.0, 0.0], [-0.8975539438336221, 0.0, 0.4409046585246193]]","{'tagLength': 0.0525, 'tagFamily': 'tag36h11', 'tagId': 0}"
190.png,True,"[0.0, 0.0, 0.1]","[[0.41541501300188666, 0.0, 0.9096319953545182], [0.0, 0.9999999999999999, 0.0], [-0.9096319953545182, 0.0, 0.41541501300188666]]","{'tagLength': 0.0525, 'tagFamily': 'tag36h11', 'tagId': 0}"
191.png,True,"[0.0, 0.0, 0.1]","[[0.38959486273091826, 0.0, 0.9209863424251615], [0.0, 1.0, 0.0], [-0.9209863424251615, 0.0, 0.38959486273091826]]","{'tagLength': 0.0525, 'tagFamily': 'tag36h11', 'tagId': 0}"
192.png,True,"[0.0, 0.0, 0.1]","[[0.3634647502583194, 0.0, 0.9316079515116097], [0.0, 1.0, 0.0], [-0.9316079515116097, 0.0, 0.3634647502583194]]","{'tagLength': 0.0525, 'tagFamily': 'tag36h11', 'tagId': 0}"
193.png,True,"[0.0, 0.0, 0.1]","[[0.3370454647370418, 0.0, 0.9414883720472556], [0.0, 1.0, 0.0], [-0.9414883720472556, 0.0, 0.3370454647370418]]","{'tagLength': 0.0525, 'tagFamily': 'tag36h11', 'tagId': 0}"
194.png,True,"[0.0, 0.0, 0.1]","[[0.3103580253865087, 0.0, 0.9506197431561094], [0.0, 1.0, 0.0], [-0.9506197431561094, 0.0, 0.3103580253865087]]","{'tagLength': 0.0525, 'tagFamily': 'tag36h11', 'tagId': 0}"
195.png,True,"[0.0, 0.0, 0.1]","[[0.28342366476969316, 0.0, 0.9589947999069216], [0.0, 1.0, 0.0], [-0.9589947999069216, 0.0, 0.28342366476969316]]","{'tagLength': 0.0525, 'tagFamily': 'tag36h11', 'tagId': 0}"
196.png,True,"[0.0, 0.0, 0.1]","[[0.25626381190046255, 0.0, 0.9666068790931732], [0.0, 1.0, 0.0], [-0.9666068790931732, 0.0, 0.25626381190046255]]","{'tagLength': 0.0525, 'tagFamily': 'tag36h11', 'tagId': 0}"
197.png,True,"[0.0, 0.0, 0.1]","[[0.22890007519462802, 0.0, 0.9734499245343304], [0.0, 1.0, 0.0], [-0.9734499245343304, 0.0, 0.22890007519462802]]","{'tagLength': 0.0525, 'tagFamily': 'tag36h11', 'tagId': 0}"
198.png,True,"[0.0, 0.0, 0.1]","[[0.20135422527825547, 0.0, 0.9795184918941517], [0.0, 1.0, 0.0], [-0.9795184918941517, 0.0, 0.20135422527825547]]","{'tagLength': 0.0525, 'tagFamily': 'tag36h11', 'tagId': 0}"
199.png,True,"[0.0, 0.0, 0.1]","[[0.17364817766693041, 0.0, 0.9848077530122079], [0.0, 0.9999999999999999, 0.0], [-0.9848077530122079, 0.0, 0.17364817766693041]]","{'tagLength': 0.0525, 'tagFamily': 'tag36h11', 'tagId': 0}"
200.png,True,"[0.0, 0.0, np.float64(0.1)]","[[1.0, 0.0, 0.0], [0.0, 1.0, 0.0], [0.0, 0.0, 1.0]]","{'tagLength': 0.0525, 'tagFamily': 'tag36h11', 'tagId': 0}"
201.png,True,"[0.0, 0.0, np.float64(0.14949494949494951)]","[[1.0, 0.0, 0.0], [0.0, 1.0, 0.0], [0.0, 0.0, 1.0]]","{'tagLength': 0.0525, 'tagFamily': 'tag36h11', 'tagId': 0}"
202.png,True,"[0.0, 0.0, np.float64(0.198989898989899)]","[[1.0, 0.0, 0.0], [0.0, 1.0, 0.0], [0.0, 0.0, 1.0]]","{'tagLength': 0.0525, 'tagFamily': 'tag36h11', 'tagId': 0}"
203.png,True,"[0.0, 0.0, np.float64(0.2484848484848485)]","[[1.0, 0.0, 0.0], [0.0, 1.0, 0.0], [0.0, 0.0, 1.0]]","{'tagLength': 0.0525, 'tagFamily': 'tag36h11', 'tagId': 0}"
204.png,True,"[0.0, 0.0, np.float64(0.297979797979798)]","[[1.0, 0.0, 0.0], [0.0, 1.0, 0.0], [0.0, 0.0, 1.0]]","{'tagLength': 0.0525, 'tagFamily': 'tag36h11', 'tagId': 0}"
205.png,True,"[0.0, 0.0, np.float64(0.3474747474747475)]","[[1.0, 0.0, 0.0], [0.0, 1.0, 0.0], [0.0, 0.0, 1.0]]","{'tagLength': 0.0525, 'tagFamily': 'tag36h11', 'tagId': 0}"
206.png,True,"[0.0, 0.0, np.float64(0.396969696969697)]","[[1.0, 0.0, 0.0], [0.0, 1.0, 0.0], [0.0, 0.0, 1.0]]","{'tagLength': 0.0525, 'tagFamily': 'tag36h11', 'tagId': 0}"
207.png,True,"[0.0, 0.0, np.float64(0.44646464646464656)]","[[1.0, 0.0, 0.0], [0.0, 1.0, 0.0], [0.0, 0.0, 1.0]]","{'tagLength': 0.0525, 'tagFamily': 'tag36h11', 'tagId': 0}"
208.png,True,"[0.0, 0.0, np.float64(0.49595959595959604)]","[[1.0, 0.0, 0.0], [0.0, 1.0, 0.0], [0.0, 0.0, 1.0]]","{'tagLength': 0.0525, 'tagFamily': 'tag36h11', 'tagId': 0}"
209.png,True,"[0.0, 0.0, np.float64(0.5454545454545455)]","[[1.0, 0.0, 0.0], [0.0, 1.0, 0.0], [0.0, 0.0, 1.0]]","{'tagLength': 0.0525, 'tagFamily': 'tag36h11', 'tagId': 0}"
210.png,True,"[0.0, 0.0, np.float64(0.594949494949495)]","[[1.0, 0.0, 0.0], [0.0, 1.0, 0.0], [0.0, 0.0, 1.0]]","{'tagLength': 0.0525, 'tagFamily': 'tag36h11', 'tagId': 0}"
211.png,True,"[0.0, 0.0, np.float64(0.6444444444444445)]","[[1.0, 0.0, 0.0], [0.0, 1.0, 0.0], [0.0, 0.0, 1.0]]","{'tagLength': 0.0525, 'tagFamily': 'tag36h11', 'tagId': 0}"
212.png,True,"[0.0, 0.0, np.float64(0.693939393939394)]","[[1.0, 0.0, 0.0], [0.0, 1.0, 0.0], [0.0, 0.0, 1.0]]","{'tagLength': 0.0525, 'tagFamily': 'tag36h11', 'tagId': 0}"
213.png,True,"[0.0, 0.0, np.float64(0.7434343434343434)]","[[1.0, 0.0, 0.0], [0.0, 1.0, 0.0], [0.0, 0.0, 1.0]]","{'tagLength': 0.0525, 'tagFamily': 'tag36h11', 'tagId': 0}"
214.png,True,"[0.0, 0.0, np.float64(0.792929292929293)]","[[1.0, 0.0, 0.0], [0.0, 1.0, 0.0], [0.0, 0.0, 1.0]]","{'tagLength': 0.0525, 'tagFamily': 'tag36h11', 'tagId': 0}"
215.png,True,"[0.0, 0.0, np.float64(0.8424242424242425)]","[[1.0, 0.0, 0.0], [0.0, 1.0, 0.0], [0.0, 0.0, 1.0]]","{'tagLength': 0.0525, 'tagFamily': 'tag36h11', 'tagId': 0}"
216.png,True,"[0.0, 0.0, np.float64(0.891919191919192)]","[[1.0, 0.0, 0.0], [0.0, 1.0, 0.0], [0.0, 0.0, 1.0]]","{'tagLength': 0.0525, 'tagFamily': 'tag36h11', 'tagId': 0}"
217.png,True,"[0.0, 0.0, np.float64(0.9414141414141415)]","[[1.0, 0.0, 0.0], [0.0, 1.0, 0.0], [0.0, 0.0, 1.0]]","{'tagLength': 0.0525, 'tagFamily': 'tag36h11', 'tagId': 0}"
218.png,True,"[0.0, 0.0, np.float64(0.990909090909091)]","[[1.0, 0.0, 0.0], [0.0, 1.0, 0.0], [0.0, 0.0, 1.0]]","{'tagLength': 0.0525, 'tagFamily': 'tag36h11', 'tagId': 0}"
219.png,True,"[0.0, 0.0, np.float64(1.0404040404040407)]","[[1.0, 0.0, 0.0], [0.0, 1.0, 0.0], [0.0, 0.0, 1.0]]","{'tagLength': 0.0525, 'tagFamily': 'tag36h11', 'tagId': 0}"
220.png,True,"[0.0, 0.0, np.float64(1.0898989898989901)]","[[1.0, 0.0, 0.0], [0.0, 1.0, 0.0], [0.0, 0.0, 1.0]]","{'tagLength': 0.0525, 'tagFamily': 'tag36h11', 'tagId': 0}"
221.png,True,"[0.0, 0.0, np.float64(1.1393939393939396)]","[[1.0, 0.0, 0.0], [0.0, 1.0, 0.0], [0.0, 0.0, 1.0]]","{'tagLength': 0.0525, 'tagFamily': 'tag36h11', 'tagId': 0}"
222.png,True,"[0.0, 0.0, np.float64(1.188888888888889)]","[[1.0, 0.0, 0.0], [0.0, 1.0, 0.0], [0.0, 0.0, 1.0]]","{'tagLength': 0.0525, 'tagFamily': 'tag36h11', 'tagId': 0}"
223.png,True,"[0.0, 0.0, np.float64(1.2383838383838386)]","[[1.0, 0.0, 0.0], [0.0, 1.0, 0.0], [0.0, 0.0, 1.0]]","{'tagLength': 0.0525, 'tagFamily': 'tag36h11', 'tagId': 0}"
224.png,True,"[0.0, 0.0, np.float64(1.287878787878788)]","[[1.0, 0.0, 0.0], [0.0, 1.0, 0.0], [0.0, 0.0, 1.0]]","{'tagLength': 0.0525, 'tagFamily': 'tag36h11', 'tagId': 0}"
225.png,True,"[0.0, 0.0, np.float64(1.3373737373737375)]","[[1.0, 0.0, 0.0], [0.0, 1.0, 0.0], [0.0, 0.0, 1.0]]","{'tagLength': 0.0525, 'tagFamily': 'tag36h11', 'tagId': 0}"
226.png,True,"[0.0, 0.0, np.float64(1.386868686868687)]","[[1.0, 0.0, 0.0], [0.0, 1.0, 0.0], [0.0, 0.0, 1.0]]","{'tagLength': 0.0525, 'tagFamily': 'tag36h11', 'tagId': 0}"
227.png,True,"[0.0, 0.0, np.float64(1.4363636363636367)]","[[1.0, 0.0, 0.0], [0.0, 1.0, 0.0], [0.0, 0.0, 1.0]]","{'tagLength': 0.0525, 'tagFamily': 'tag36h11', 'tagId': 0}"
228.png,True,"[0.0, 0.0, np.float64(1.4858585858585862)]","[[1.0, 0.0, 0.0], [0.0, 1.0, 0.0], [0.0, 0.0, 1.0]]","{'tagLength': 0.0525, 'tagFamily': 'tag36h11', 'tagId': 0}"
229.png,True,"[0.0, 0.0, np.float64(1.5353535353535357)]","[[1.0, 0.0, 0.0], [0.0, 1.0, 0.0], [0.0, 0.0, 1.0]]","{'tagLength': 0.0525, 'tagFamily': 'tag36h11', 'tagId': 0}"
230.png,True,"[0.0, 0.0, np.float64(1.5848484848484852)]","[[1.0, 0.0, 0.0], [0.0, 1.0, 0.0], [0.0, 0.0, 1.0]]","{'tagLength': 0.0525, 'tagFamily': 'tag36h11', 'tagId': 0}"
231.png,True,"[0.0, 0.0, np.float64(1.6343434343434347)]","[[1.0, 0.0, 0.0], [0.0, 1.0, 0.0], [0.0, 0.0, 1.0]]","{'tagLength': 0.0525, 'tagFamily': 'tag36h11', 'tagId': 0}"
232.png,True,"[0.0, 0.0, np.float64(1.6838383838383841)]","[[1.0, 0.0, 0.0], [0.0, 1.0, 0.0], [0.0, 0.0, 1.0]]","{'tagLength': 0.0525, 'tagFamily': 'tag36h11', 'tagId': 0}"
233.png,True,"[0.0, 0.0, np.float64(1.7333333333333336)]","[[1.0, 0.0, 0.0], [0.0, 1.0, 0.0], [0.0, 0.0, 1.0]]","{'tagLength': 0.0525, 'tagFamily': 'tag36h11', 'tagId': 0}"
234.png,True,"[0.0, 0.0, np.float64(1.782828282828283)]","[[1.0, 0.0, 0.0], [0.0, 1.0, 0.0], [0.0, 0.0, 1.0]]","{'tagLength': 0.0525, 'tagFamily': 'tag36h11', 'tagId': 0}"
235.png,True,"[0.0, 0.0, np.float64(1.8323232323232326)]","[[1.0, 0.0, 0.0], [0.0, 1.0, 0.0], [0.0, 0.0, 1.0]]","{'tagLength': 0.0525, 'tagFamily': 'tag36h11', 'tagId': 0}"
236.png,True,"[0.0, 0.0, np.float64(1.881818181818182)]","[[1.0, 0.0, 0.0], [0.0, 1.0, 0.0], [0.0, 0.0, 1.0]]","{'tagLength': 0.0525, 'tagFamily': 'tag36h11', 'tagId': 0}"
237.png,True,"[0.0, 0.0, np.float64(1.9313131313131315)]","[[1.0, 0.0, 0.0], [0.0, 1.0, 0.0], [0.0, 0.0, 1.0]]","{'tagLength': 0.0525, 'tagFamily': 'tag36h11', 'tagId': 0}"
238.png,True,"[0.0, 0.0, np.float64(1.9808080808080812)]","[[1.0, 0.0, 0.0], [0.0, 1.0, 0.0], [0.0, 0.0, 1.0]]","{'tagLength': 0.0525, 'tagFamily': 'tag36h11', 'tagId': 0}"
239.png,True,"[0.0, 0.0, np.float64(2.0303030303030307)]","[[1.0, 0.0, 0.0], [0.0, 1.0, 0.0], [0.0, 0.0, 1.0]]","{'tagLength': 0.0525, 'tagFamily': 'tag36h11', 'tagId': 0}"
240.png,True,"[0.0, 0.0, np.float64(2.07979797979798)]","[[1.0, 0.0, 0.0], [0.0, 1.0, 0.0], [0.0, 0.0, 1.0]]","{'tagLength': 0.0525, 'tagFamily': 'tag36h11', 'tagId': 0}"
241.png,True,"[0.0, 0.0, np.float64(2.1292929292929297)]","[[1.0, 0.0, 0.0], [0.0, 1.0, 0.0], [0.0, 0.0, 1.0]]","{'tagLength': 0.0525, 'tagFamily': 'tag36h11', 'tagId': 0}"
242.png,True,"[0.0, 0.0, np.float64(2.178787878787879)]","[[1.0, 0.0, 0.0], [0.0, 1.0, 0.0], [0.0, 0.0, 1.0]]","{'tagLength': 0.0525, 'tagFamily': 'tag36h11', 'tagId': 0}"
243.png,True,"[0.0, 0.0, np.float64(2.2282828282828286)]","[[1.0, 0.0, 0.0], [0.0, 1.0, 0.0], [0.0, 0.0, 1.0]]","{'tagLength': 0.0525, 'tagFamily': 'tag36h11', 'tagId': 0}"
244.png,True,"[0.0, 0.0, np.float64(2.277777777777778)]","[[1.0, 0.0, 0.0], [0.0, 1.0, 0.0], [0.0, 0.0, 1.0]]","{'tagLength': 0.0525, 'tagFamily': 'tag36h11', 'tagId': 0}"
245.png,True,"[0.0, 0.0, np.float64(2.3272727272727276)]","[[1.0, 0.0, 0.0], [0.0, 1.0, 0.0], [0.0, 0.0, 1.0]]","{'tagLength': 0.0525, 'tagFamily': 'tag36h11', 'tagId': 0}"
246.png,True,"[0.0, 0.0, np.float64(2.376767676767677)]","[[1.0, 0.0, 0.0], [0.0, 1.0, 0.0], [0.0, 0.0, 1.0]]","{'tagLength': 0.0525, 'tagFamily': 'tag36h11', 'tagId': 0}"
247.png,True,"[0.0, 0.0, np.float64(2.4262626262626266)]","[[1.0, 0.0, 0.0], [0.0, 1.0, 0.0], [0.0, 0.0, 1.0]]","{'tagLength': 0.0525, 'tagFamily': 'tag36h11', 'tagId': 0}"
248.png,True,"[0.0, 0.0, np.float64(2.475757575757576)]","[[1.0, 0.0, 0.0], [0.0, 1.0, 0.0], [0.0, 0.0, 1.0]]","{'tagLength': 0.0525, 'tagFamily': 'tag36h11', 'tagId': 0}"
249.png,True,"[0.0, 0.0, np.float64(2.5252525252525255)]","[[1.0, 0.0, 0.0], [0.0, 1.0, 0.0], [0.0, 0.0, 1.0]]","{'tagLength': 0.0525, 'tagFamily': 'tag36h11', 'tagId': 0}"
250.png,True,"[0.0, 0.0, np.float64(2.574747474747475)]","[[1.0, 0.0, 0.0], [0.0, 1.0, 0.0], [0.0, 0.0, 1.0]]","{'tagLength': 0.0525, 'tagFamily': 'tag36h11', 'tagId': 0}"
251.png,True,"[0.0, 0.0, np.float64(2.6242424242424245)]","[[1.0, 0.0, 0.0], [0.0, 1.0, 0.0], [0.0, 0.0, 1.0]]","{'tagLength': 0.0525, 'tagFamily': 'tag36h11', 'tagId': 0}"
252.png,True,"[0.0, 0.0, np.float64(2.673737373737374)]","[[1.0, 0.0, 0.0], [0.0, 1.0, 0.0], [0.0, 0.0, 1.0]]","{'tagLength': 0.0525, 'tagFamily': 'tag36h11', 'tagId': 0}"
253.png,True,"[0.0, 0.0, np.float64(2.7232323232323234)]","[[1.0, 0.0, 0.0], [0.0, 1.0, 0.0], [0.0, 0.0, 1.0]]","{'tagLength': 0.0525, 'tagFamily': 'tag36h11', 'tagId': 0}"
254.png,True,"[0.0, 0.0, np.float64(2.7727272727272734)]","[[1.0, 0.0, 0.0], [0.0, 1.0, 0.0], [0.0, 0.0, 1.0]]","{'tagLength': 0.0525, 'tagFamily': 'tag36h11', 'tagId': 0}"
255.png,True,"[0.0, 0.0, np.float64(2.822222222222223)]","[[1.0, 0.0, 0.0], [0.0, 1.0, 0.0], [0.0, 0.0, 1.0]]","{'tagLength': 0.0525, 'tagFamily': 'tag36h11', 'tagId': 0}"
256.png,True,"[0.0, 0.0, np.float64(2.8717171717171723)]","[[1.0, 0.0, 0.0], [0.0, 1.0, 0.0], [0.0, 0.0, 1.0]]","{'tagLength': 0.0525, 'tagFamily': 'tag36h11', 'tagId': 0}"
257.png,True,"[0.0, 0.0, np.float64(2.921212121212122)]","[[1.0, 0.0, 0.0], [0.0, 1.0, 0.0], [0.0, 0.0, 1.0]]","{'tagLength': 0.0525, 'tagFamily': 'tag36h11', 'tagId': 0}"
258.png,True,"[0.0, 0.0, np.float64(2.9707070707070713)]","[[1.0, 0.0, 0.0], [0.0, 1.0, 0.0], [0.0, 0.0, 1.0]]","{'tagLength': 0.0525, 'tagFamily': 'tag36h11', 'tagId': 0}"
259.png,True,"[0.0, 0.0, np.float64(3.0202020202020208)]","[[1.0, 0.0, 0.0], [0.0, 1.0, 0.0], [0.0, 0.0, 1.0]]","{'tagLength': 0.0525, 'tagFamily': 'tag36h11', 'tagId': 0}"
260.png,True,"[0.0, 0.0, np.float64(3.0696969696969703)]","[[1.0, 0.0, 0.0], [0.0, 1.0, 0.0], [0.0, 0.0, 1.0]]","{'tagLength': 0.0525, 'tagFamily': 'tag36h11', 'tagId': 0}"
261.png,True,"[0.0, 0.0, np.float64(3.1191919191919197)]","[[1.0, 0.0, 0.0], [0.0, 1.0, 0.0], [0.0, 0.0, 1.0]]","{'tagLength': 0.0525, 'tagFamily': 'tag36h11', 'tagId': 0}"
262.png,True,"[0.0, 0.0, np.float64(3.168686868686869)]","[[1.0, 0.0, 0.0], [0.0, 1.0, 0.0], [0.0, 0.0, 1.0]]","{'tagLength': 0.0525, 'tagFamily': 'tag36h11', 'tagId': 0}"
263.png,True,"[0.0, 0.0, np.float64(3.2181818181818187)]","[[1.0, 0.0, 0.0], [0.0, 1.0, 0.0], [0.0, 0.0, 1.0]]","{'tagLength': 0.0525, 'tagFamily': 'tag36h11', 'tagId': 0}"
264.png,True,"[0.0, 0.0, np.float64(3.267676767676768)]","[[1.0, 0.0, 0.0], [0.0, 1.0, 0.0], [0.0, 0.0, 1.0]]","{'tagLength': 0.0525, 'tagFamily': 'tag36h11', 'tagId': 0}"
265.png,True,"[0.0, 0.0, np.float64(3.3171717171717177)]","[[1.0, 0.0, 0.0], [0.0, 1.0, 0.0], [0.0, 0.0, 1.0]]","{'tagLength': 0.0525, 'tagFamily': 'tag36h11', 'tagId': 0}"
266.png,True,"[0.0, 0.0, np.float64(3.366666666666667)]","[[1.0, 0.0, 0.0], [0.0, 1.0, 0.0], [0.0, 0.0, 1.0]]","{'tagLength': 0.0525, 'tagFamily': 'tag36h11', 'tagId': 0}"
267.png,True,"[0.0, 0.0, np.float64(3.4161616161616166)]","[[1.0, 0.0, 0.0], [0.0, 1.0, 0.0], [0.0, 0.0, 1.0]]","{'tagLength': 0.0525, 'tagFamily': 'tag36h11', 'tagId': 0}"
268.png,True,"[0.0, 0.0, np.float64(3.465656565656566)]","[[1.0, 0.0, 0.0], [0.0, 1.0, 0.0], [0.0, 0.0, 1.0]]","{'tagLength': 0.0525, 'tagFamily': 'tag36h11', 'tagId': 0}"
269.png,True,"[0.0, 0.0, np.float64(3.5151515151515156)]","[[1.0, 0.0, 0.0], [0.0, 1.0, 0.0], [0.0, 0.0, 1.0]]","{'tagLength': 0.0525, 'tagFamily': 'tag36h11', 'tagId': 0}"
270.png,True,"[0.0, 0.0, np.float64(3.564646464646465)]","[[1.0, 0.0, 0.0], [0.0, 1.0, 0.0], [0.0, 0.0, 1.0]]","{'tagLength': 0.0525, 'tagFamily': 'tag36h11', 'tagId': 0}"
271.png,True,"[0.0, 0.0, np.float64(3.6141414141414145)]","[[1.0, 0.0, 0.0], [0.0, 1.0, 0.0], [0.0, 0.0, 1.0]]","{'tagLength': 0.0525, 'tagFamily': 'tag36h11', 'tagId': 0}"
272.png,True,"[0.0, 0.0, np.float64(3.663636363636364)]","[[1.0, 0.0, 0.0], [0.0, 1.0, 0.0], [0.0, 0.0, 1.0]]","{'tagLength': 0.0525, 'tagFamily': 'tag36h11', 'tagId': 0}"
273.png,True,"[0.0, 0.0, np.float64(3.7131313131313135)]","[[1.0, 0.0, 0.0], [0.0, 1.0, 0.0], [0.0, 0.0, 1.0]]","{'tagLength': 0.0525, 'tagFamily': 'tag36h11', 'tagId': 0}"
274.png,True,"[0.0, 0.0, np.float64(3.762626262626263)]","[[1.0, 0.0, 0.0], [0.0, 1.0, 0.0], [0.0, 0.0, 1.0]]","{'tagLength': 0.0525, 'tagFamily': 'tag36h11', 'tagId': 0}"
275.png,True,"[0.0, 0.0, np.float64(3.812121212121213)]","[[1.0, 0.0, 0.0], [0.0, 1.0, 0.0], [0.0, 0.0, 1.0]]","{'tagLength': 0.0525, 'tagFamily': 'tag36h11', 'tagId': 0}"
276.png,True,"[0.0, 0.0, np.float64(3.8616161616161624)]","[[1.0, 0.0, 0.0], [0.0, 1.0, 0.0], [0.0, 0.0, 1.0]]","{'tagLength': 0.0525, 'tagFamily': 'tag36h11', 'tagId': 0}"
277.png,True,"[0.0, 0.0, np.float64(3.911111111111112)]","[[1.0, 0.0, 0.0], [0.0, 1.0, 0.0], [0.0, 0.0, 1.0]]","{'tagLength': 0.0525, 'tagFamily': 'tag36h11', 'tagId': 0}"
278.png,True,"[0.0, 0.0, np.float64(3.9606060606060614)]","[[1.0, 0.0, 0.0], [0.0, 1.0, 0.0], [0.0, 0.0, 1.0]]","{'tagLength': 0.0525, 'tagFamily': 'tag36h11', 'tagId': 0}"
279.png,True,"[0.0, 0.0, np.float64(4.01010101010101)]","[[1.0, 0.0, 0.0], [0.0, 1.0, 0.0], [0.0, 0.0, 1.0]]","{'tagLength': 0.0525, 'tagFamily': 'tag36h11', 'tagId': 0}"
280.png,True,"[0.0, 0.0, np.float64(4.05959595959596)]","[[1.0, 0.0, 0.0], [0.0, 1.0, 0.0], [0.0, 0.0, 1.0]]","{'tagLength': 0.0525, 'tagFamily': 'tag36h11', 'tagId': 0}"
281.png,True,"[0.0, 0.0, np.float64(4.109090909090909)]","[[1.0, 0.0, 0.0], [0.0, 1.0, 0.0], [0.0, 0.0, 1.0]]","{'tagLength': 0.0525, 'tagFamily': 'tag36h11', 'tagId': 0}"
282.png,True,"[0.0, 0.0, np.float64(4.158585858585859)]","[[1.0, 0.0, 0.0], [0.0, 1.0, 0.0], [0.0, 0.0, 1.0]]","{'tagLength': 0.0525, 'tagFamily': 'tag36h11', 'tagId': 0}"
283.png,True,"[0.0, 0.0, np.float64(4.208080808080808)]","[[1.0, 0.0, 0.0], [0.0, 1.0, 0.0], [0.0, 0.0, 1.0]]","{'tagLength': 0.0525, 'tagFamily': 'tag36h11', 'tagId': 0}"
284.png,True,"[0.0, 0.0, np.float64(4.257575757575758)]","[[1.0, 0.0, 0.0], [0.0, 1.0, 0.0], [0.0, 0.0, 1.0]]","{'tagLength': 0.0525, 'tagFamily': 'tag36h11', 'tagId': 0}"
285.png,True,"[0.0, 0.0, np.float64(4.307070707070707)]","[[1.0, 0.0, 0.0], [0.0, 1.0, 0.0], [0.0, 0.0, 1.0]]","{'tagLength': 0.0525, 'tagFamily': 'tag36h11', 'tagId': 0}"
286.png,True,"[0.0, 0.0, np.float64(4.356565656565657)]","[[1.0, 0.0, 0.0], [0.0, 1.0, 0.0], [0.0, 0.0, 1.0]]","{'tagLength': 0.0525, 'tagFamily': 'tag36h11', 'tagId': 0}"
287.png,True,"[0.0, 0.0, np.float64(4.406060606060606)]","[[1.0, 0.0, 0.0], [0.0, 1.0, 0.0], [0.0, 0.0, 1.0]]","{'tagLength': 0.0525, 'tagFamily': 'tag36h11', 'tagId': 0}"
288.png,True,"[0.0, 0.0, np.float64(4.455555555555556)]","[[1.0, 0.0, 0.0], [0.0, 1.0, 0.0], [0.0, 0.0, 1.0]]","{'tagLength': 0.0525, 'tagFamily': 'tag36h11', 'tagId': 0}"
289.png,True,"[0.0, 0.0, np.float64(4.505050505050505)]","[[1.0, 0.0, 0.0], [0.0, 1.0, 0.0], [0.0, 0.0, 1.0]]","{'tagLength': 0.0525, 'tagFamily': 'tag36h11', 'tagId': 0}"
290.png,True,"[0.0, 0.0, np.float64(4.554545454545455)]","[[1.0, 0.0, 0.0], [0.0, 1.0, 0.0], [0.0, 0.0, 1.0]]","{'tagLength': 0.0525, 'tagFamily': 'tag36h11', 'tagId': 0}"
291.png,True,"[0.0, 0.0, np.float64(4.604040404040404)]","[[1.0, 0.0, 0.0], [0.0, 1.0, 0.0], [0.0, 0.0, 1.0]]","{'tagLength': 0.0525, 'tagFamily': 'tag36h11', 'tagId': 0}"
292.png,True,"[0.0, 0.0, np.float64(4.653535353535354)]","[[1.0, 0.0, 0.0], [0.0, 1.0, 0.0], [0.0, 0.0, 1.0]]","{'tagLength': 0.0525, 'tagFamily': 'tag36h11', 'tagId': 0}"
293.png,True,"[0.0, 0.0, np.float64(4.703030303030303)]","[[1.0, 0.0, 0.0], [0.0, 1.0, 0.0], [0.0, 0.0, 1.0]]","{'tagLength': 0.0525, 'tagFamily': 'tag36h11', 'tagId': 0}"
294.png,True,"[0.0, 0.0, np.float64(4.752525252525253)]","[[1.0, 0.0, 0.0], [0.0, 1.0, 0.0], [0.0, 0.0, 1.0]]","{'tagLength': 0.0525, 'tagFamily': 'tag36h11', 'tagId': 0}"
295.png,True,"[0.0, 0.0, np.float64(4.802020202020202)]","[[1.0, 0.0, 0.0], [0.0, 1.0, 0.0], [0.0, 0.0, 1.0]]","{'tagLength': 0.0525, 'tagFamily': 'tag36h11', 'tagId': 0}"
296.png,True,"[0.0, 0.0, np.float64(4.851515151515152)]","[[1.0, 0.0, 0.0], [0.0, 1.0, 0.0], [0.0, 0.0, 1.0]]","{'tagLength': 0.0525, 'tagFamily': 'tag36h11', 'tagId': 0}"
297.png,True,"[0.0, 0.0, np.float64(4.901010101010101)]","[[1.0, 0.0, 0.0], [0.0, 1.0, 0.0], [0.0, 0.0, 1.0]]","{'tagLength': 0.0525, 'tagFamily': 'tag36h11', 'tagId': 0}"
298.png,True,"[0.0, 0.0, np.float64(4.9505050505050505)]","[[1.0, 0.0, 0.0], [0.0, 1.0, 0.0], [0.0, 0.0, 1.0]]","{'tagLength': 0.0525, 'tagFamily': 'tag36h11', 'tagId': 0}"
299.png,True,"[0.0, 0.0, np.float64(5.0)]","[[1.0, 0.0, 0.0], [0.0, 1.0, 0.0], [0.0, 0.0, 1.0]]","{'tagLength': 0.0525, 'tagFamily': 'tag36h11', 'tagId': 0}"
300.png,True,"[0.0, np.float64(-0.5), 1]","[[1.0, 0.0, 0.0], [0.0, 1.0, 0.0], [0.0, 0.0, 1.0]]","{'tagLength': 0.0525, 'tagFamily': 'tag36h11', 'tagId': 0}"
301.png,True,"[0.0, np.float64(-0.4898989898989899), 1]","[[1.0, 0.0, 0.0], [0.0, 1.0, 0.0], [0.0, 0.0, 1.0]]","{'tagLength': 0.0525, 'tagFamily': 'tag36h11', 'tagId': 0}"
302.png,True,"[0.0, np.float64(-0.4797979797979798), 1]","[[1.0, 0.0, 0.0], [0.0, 1.0, 0.0], [0.0, 0.0, 1.0]]","{'tagLength': 0.0525, 'tagFamily': 'tag36h11', 'tagId': 0}"
303.png,True,"[0.0, np.float64(-0.4696969696969697), 1]","[[1.0, 0.0, 0.0], [0.0, 1.0, 0.0], [0.0, 0.0, 1.0]]","{'tagLength': 0.0525, 'tagFamily': 'tag36h11', 'tagId': 0}"
304.png,True,"[0.0, np.float64(-0.4595959595959596), 1]","[[1.0, 0.0, 0.0], [0.0, 1.0, 0.0], [0.0, 0.0, 1.0]]","{'tagLength': 0.0525, 'tagFamily': 'tag36h11', 'tagId': 0}"
305.png,True,"[0.0, np.float64(-0.4494949494949495), 1]","[[1.0, 0.0, 0.0], [0.0, 1.0, 0.0], [0.0, 0.0, 1.0]]","{'tagLength': 0.0525, 'tagFamily': 'tag36h11', 'tagId': 0}"
306.png,True,"[0.0, np.float64(-0.4393939393939394), 1]","[[1.0, 0.0, 0.0], [0.0, 1.0, 0.0], [0.0, 0.0, 1.0]]","{'tagLength': 0.0525, 'tagFamily': 'tag36h11', 'tagId': 0}"
307.png,True,"[0.0, np.float64(-0.4292929292929293), 1]","[[1.0, 0.0, 0.0], [0.0, 1.0, 0.0], [0.0, 0.0, 1.0]]","{'tagLength': 0.0525, 'tagFamily': 'tag36h11', 'tagId': 0}"
308.png,True,"[0.0, np.float64(-0.41919191919191917), 1]","[[1.0, 0.0, 0.0], [0.0, 1.0, 0.0], [0.0, 0.0, 1.0]]","{'tagLength': 0.0525, 'tagFamily': 'tag36h11', 'tagId': 0}"
309.png,True,"[0.0, np.float64(-0.40909090909090906), 1]","[[1.0, 0.0, 0.0], [0.0, 1.0, 0.0], [0.0, 0.0, 1.0]]","{'tagLength': 0.0525, 'tagFamily': 'tag36h11', 'tagId': 0}"
310.png,True,"[0.0, np.float64(-0.398989898989899), 1]","[[1.0, 0.0, 0.0], [0.0, 1.0, 0.0], [0.0, 0.0, 1.0]]","{'tagLength': 0.0525, 'tagFamily': 'tag36h11', 'tagId': 0}"
311.png,True,"[0.0, np.float64(-0.3888888888888889), 1]","[[1.0, 0.0, 0.0], [0.0, 1.0, 0.0], [0.0, 0.0, 1.0]]","{'tagLength': 0.0525, 'tagFamily': 'tag36h11', 'tagId': 0}"
312.png,True,"[0.0, np.float64(-0.3787878787878788), 1]","[[1.0, 0.0, 0.0], [0.0, 1.0, 0.0], [0.0, 0.0, 1.0]]","{'tagLength': 0.0525, 'tagFamily': 'tag36h11', 'tagId': 0}"
313.png,True,"[0.0, np.float64(-0.3686868686868687), 1]","[[1.0, 0.0, 0.0], [0.0, 1.0, 0.0], [0.0, 0.0, 1.0]]","{'tagLength': 0.0525, 'tagFamily': 'tag36h11', 'tagId': 0}"
314.png,True,"[0.0, np.float64(-0.35858585858585856), 1]","[[1.0, 0.0, 0.0], [0.0, 1.0, 0.0], [0.0, 0.0, 1.0]]","{'tagLength': 0.0525, 'tagFamily': 'tag36h11', 'tagId': 0}"
315.png,True,"[0.0, np.float64(-0.3484848484848485), 1]","[[1.0, 0.0, 0.0], [0.0, 1.0, 0.0], [0.0, 0.0, 1.0]]","{'tagLength': 0.0525, 'tagFamily': 'tag36h11', 'tagId': 0}"
316.png,True,"[0.0, np.float64(-0.33838383838383834), 1]","[[1.0, 0.0, 0.0], [0.0, 1.0, 0.0], [0.0, 0.0, 1.0]]","{'tagLength': 0.0525, 'tagFamily': 'tag36h11', 'tagId': 0}"
317.png,True,"[0.0, np.float64(-0.3282828282828283), 1]","[[1.0, 0.0, 0.0], [0.0, 1.0, 0.0], [0.0, 0.0, 1.0]]","{'tagLength': 0.0525, 'tagFamily': 'tag36h11', 'tagId': 0}"
318.png,True,"[0.0, np.float64(-0.3181818181818182), 1]","[[1.0, 0.0, 0.0], [0.0, 1.0, 0.0], [0.0, 0.0, 1.0]]","{'tagLength': 0.0525, 'tagFamily': 'tag36h11', 'tagId': 0}"
319.png,True,"[0.0, np.float64(-0.30808080808080807), 1]","[[1.0, 0.0, 0.0], [0.0, 1.0, 0.0], [0.0, 0.0, 1.0]]","{'tagLength': 0.0525, 'tagFamily': 'tag36h11', 'tagId': 0}"
320.png,True,"[0.0, np.float64(-0.29797979797979796), 1]","[[1.0, 0.0, 0.0], [0.0, 1.0, 0.0], [0.0, 0.0, 1.0]]","{'tagLength': 0.0525, 'tagFamily': 'tag36h11', 'tagId': 0}"
321.png,True,"[0.0, np.float64(-0.28787878787878785), 1]","[[1.0, 0.0, 0.0], [0.0, 1.0, 0.0], [0.0, 0.0, 1.0]]","{'tagLength': 0.0525, 'tagFamily': 'tag36h11', 'tagId': 0}"
322.png,True,"[0.0, np.float64(-0.2777777777777778), 1]","[[1.0, 0.0, 0.0], [0.0, 1.0, 0.0], [0.0, 0.0, 1.0]]","{'tagLength': 0.0525, 'tagFamily': 'tag36h11', 'tagId': 0}"
323.png,True,"[0.0, np.float64(-0.2676767676767676), 1]","[[1.0, 0.0, 0.0], [0.0, 1.0, 0.0], [0.0, 0.0, 1.0]]","{'tagLength': 0.0525, 'tagFamily': 'tag36h11', 'tagId': 0}"
324.png,True,"[0.0, np.float64(-0.25757575757575757), 1]","[[1.0, 0.0, 0.0], [0.0, 1.0, 0.0], [0.0, 0.0, 1.0]]","{'tagLength': 0.0525, 'tagFamily': 'tag36h11', 'tagId': 0}"
325.png,True,"[0.0, np.float64(-0.24747474747474746), 1]","[[1.0, 0.0, 0.0], [0.0, 1.0, 0.0], [0.0, 0.0, 1.0]]","{'tagLength': 0.0525, 'tagFamily': 'tag36h11', 'tagId': 0}"
326.png,True,"[0.0, np.float64(-0.23737373737373735), 1]","[[1.0, 0.0, 0.0], [0.0, 1.0, 0.0], [0.0, 0.0, 1.0]]","{'tagLength': 0.0525, 'tagFamily': 'tag36h11', 'tagId': 0}"
327.png,True,"[0.0, np.float64(-0.22727272727272724), 1]","[[1.0, 0.0, 0.0], [0.0, 1.0, 0.0], [0.0, 0.0, 1.0]]","{'tagLength': 0.0525, 'tagFamily': 'tag36h11', 'tagId': 0}"
328.png,True,"[0.0, np.float64(-0.21717171717171713), 1]","[[1.0, 0.0, 0.0], [0.0, 1.0, 0.0], [0.0, 0.0, 1.0]]","{'tagLength': 0.0525, 'tagFamily': 'tag36h11', 'tagId': 0}"
329.png,True,"[0.0, np.float64(-0.20707070707070707), 1]","[[1.0, 0.0, 0.0], [0.0, 1.0, 0.0], [0.0, 0.0, 1.0]]","{'tagLength': 0.0525, 'tagFamily': 'tag36h11', 'tagId': 0}"
330.png,True,"[0.0, np.float64(-0.19696969696969696), 1]","[[1.0, 0.0, 0.0], [0.0, 1.0, 0.0], [0.0, 0.0, 1.0]]","{'tagLength': 0.0525, 'tagFamily': 'tag36h11', 'tagId': 0}"
331.png,True,"[0.0, np.float64(-0.18686868686868685), 1]","[[1.0, 0.0, 0.0], [0.0, 1.0, 0.0], [0.0, 0.0, 1.0]]","{'tagLength': 0.0525, 'tagFamily': 'tag36h11', 'tagId': 0}"
332.png,True,"[0.0, np.float64(-0.17676767676767674), 1]","[[1.0, 0.0, 0.0], [0.0, 1.0, 0.0], [0.0, 0.0, 1.0]]","{'tagLength': 0.0525, 'tagFamily': 'tag36h11', 'tagId': 0}"
333.png,True,"[0.0, np.float64(-0.16666666666666663), 1]","[[1.0, 0.0, 0.0], [0.0, 1.0, 0.0], [0.0, 0.0, 1.0]]","{'tagLength': 0.0525, 'tagFamily': 'tag36h11', 'tagId': 0}"
334.png,True,"[0.0, np.float64(-0.15656565656565652), 1]","[[1.0, 0.0, 0.0], [0.0, 1.0, 0.0], [0.0, 0.0, 1.0]]","{'tagLength': 0.0525, 'tagFamily': 'tag36h11', 'tagId': 0}"
335.png,True,"[0.0, np.float64(-0.1464646464646464), 1]","[[1.0, 0.0, 0.0], [0.0, 1.0, 0.0], [0.0, 0.0, 1.0]]","{'tagLength': 0.0525, 'tagFamily': 'tag36h11', 'tagId': 0}"
336.png,True,"[0.0, np.float64(-0.13636363636363635), 1]","[[1.0, 0.0, 0.0], [0.0, 1.0, 0.0], [0.0, 0.0, 1.0]]","{'tagLength': 0.0525, 'tagFamily': 'tag36h11', 'tagId': 0}"
337.png,True,"[0.0, np.float64(-0.12626262626262624), 1]","[[1.0, 0.0, 0.0], [0.0, 1.0, 0.0], [0.0, 0.0, 1.0]]","{'tagLength': 0.0525, 'tagFamily': 'tag36h11', 'tagId': 0}"
338.png,True,"[0.0, np.float64(-0.11616161616161613), 1]","[[1.0, 0.0, 0.0], [0.0, 1.0, 0.0], [0.0, 0.0, 1.0]]","{'tagLength': 0.0525, 'tagFamily': 'tag36h11', 'tagId': 0}"
339.png,True,"[0.0, np.float64(-0.10606060606060602), 1]","[[1.0, 0.0, 0.0], [0.0, 1.0, 0.0], [0.0, 0.0, 1.0]]","{'tagLength': 0.0525, 'tagFamily': 'tag36h11', 'tagId': 0}"
340.png,True,"[0.0, np.float64(-0.09595959595959591), 1]","[[1.0, 0.0, 0.0], [0.0, 1.0, 0.0], [0.0, 0.0, 1.0]]","{'tagLength': 0.0525, 'tagFamily': 'tag36h11', 'tagId': 0}"
341.png,True,"[0.0, np.float64(-0.0858585858585858), 1]","[[1.0, 0.0, 0.0], [0.0, 1.0, 0.0], [0.0, 0.0, 1.0]]","{'tagLength': 0.0525, 'tagFamily': 'tag36h11', 'tagId': 0}"
342.png,True,"[0.0, np.float64(-0.07575757575757575), 1]","[[1.0, 0.0, 0.0], [0.0, 1.0, 0.0], [0.0, 0.0, 1.0]]","{'tagLength': 0.0525, 'tagFamily': 'tag36h11', 'tagId': 0}"
343.png,True,"[0.0, np.float64(-0.06565656565656564), 1]","[[1.0, 0.0, 0.0], [0.0, 1.0, 0.0], [0.0, 0.0, 1.0]]","{'tagLength': 0.0525, 'tagFamily': 'tag36h11', 'tagId': 0}"
344.png,True,"[0.0, np.float64(-0.055555555555555525), 1]","[[1.0, 0.0, 0.0], [0.0, 1.0, 0.0], [0.0, 0.0, 1.0]]","{'tagLength': 0.0525, 'tagFamily': 'tag36h11', 'tagId': 0}"
345.png,True,"[0.0, np.float64(-0.045454545454545414), 1]","[[1.0, 0.0, 0.0], [0.0, 1.0, 0.0], [0.0, 0.0, 1.0]]","{'tagLength': 0.0525, 'tagFamily': 'tag36h11', 'tagId': 0}"
346.png,True,"[0.0, np.float64(-0.035353535353535304), 1]","[[1.0, 0.0, 0.0], [0.0, 1.0, 0.0], [0.0, 0.0, 1.0]]","{'tagLength': 0.0525, 'tagFamily': 'tag36h11', 'tagId': 0}"
347.png,True,"[0.0, np.float64(-0.025252525252525193), 1]","[[1.0, 0.0, 0.0], [0.0, 1.0, 0.0], [0.0, 0.0, 1.0]]","{'tagLength': 0.0525, 'tagFamily': 'tag36h11', 'tagId': 0}"
348.png,True,"[0.0, np.float64(-0.015151515151515138), 1]","[[1.0, 0.0, 0.0], [0.0, 1.0, 0.0], [0.0, 0.0, 1.0]]","{'tagLength': 0.0525, 'tagFamily': 'tag36h11', 'tagId': 0}"
349.png,True,"[0.0, np.float64(-0.0050505050505050275), 1]","[[1.0, 0.0, 0.0], [0.0, 1.0, 0.0], [0.0, 0.0, 1.0]]","{'tagLength': 0.0525, 'tagFamily': 'tag36h11', 'tagId': 0}"
350.png,True,"[0.0, np.float64(0.005050505050505083), 1]","[[1.0, 0.0, 0.0], [0.0, 1.0, 0.0], [0.0, 0.0, 1.0]]","{'tagLength': 0.0525, 'tagFamily': 'tag36h11', 'tagId': 0}"
351.png,True,"[0.0, np.float64(0.015151515151515249), 1]","[[1.0, 0.0, 0.0], [0.0, 1.0, 0.0], [0.0, 0.0, 1.0]]","{'tagLength': 0.0525, 'tagFamily': 'tag36h11', 'tagId': 0}"
352.png,True,"[0.0, np.float64(0.025252525252525304), 1]","[[1.0, 0.0, 0.0], [0.0, 1.0, 0.0], [0.0, 0.0, 1.0]]","{'tagLength': 0.0525, 'tagFamily': 'tag36h11', 'tagId': 0}"
353.png,True,"[0.0, np.float64(0.03535353535353536), 1]","[[1.0, 0.0, 0.0], [0.0, 1.0, 0.0], [0.0, 0.0, 1.0]]","{'tagLength': 0.0525, 'tagFamily': 'tag36h11', 'tagId': 0}"
354.png,True,"[0.0, np.float64(0.045454545454545525), 1]","[[1.0, 0.0, 0.0], [0.0, 1.0, 0.0], [0.0, 0.0, 1.0]]","{'tagLength': 0.0525, 'tagFamily': 'tag36h11', 'tagId': 0}"
355.png,True,"[0.0, np.float64(0.05555555555555558), 1]","[[1.0, 0.0, 0.0], [0.0, 1.0, 0.0], [0.0, 0.0, 1.0]]","{'tagLength': 0.0525, 'tagFamily': 'tag36h11', 'tagId': 0}"
356.png,True,"[0.0, np.float64(0.06565656565656575), 1]","[[1.0, 0.0, 0.0], [0.0, 1.0, 0.0], [0.0, 0.0, 1.0]]","{'tagLength': 0.0525, 'tagFamily': 'tag36h11', 'tagId': 0}"
357.png,True,"[0.0, np.float64(0.0757575757575758), 1]","[[1.0, 0.0, 0.0], [0.0, 1.0, 0.0], [0.0, 0.0, 1.0]]","{'tagLength': 0.0525, 'tagFamily': 'tag36h11', 'tagId': 0}"
358.png,True,"[0.0, np.float64(0.08585858585858586), 1]","[[1.0, 0.0, 0.0], [0.0, 1.0, 0.0], [0.0, 0.0, 1.0]]","{'tagLength': 0.0525, 'tagFamily': 'tag36h11', 'tagId': 0}"
359.png,True,"[0.0, np.float64(0.09595959595959602), 1]","[[1.0, 0.0, 0.0], [0.0, 1.0, 0.0], [0.0, 0.0, 1.0]]","{'tagLength': 0.0525, 'tagFamily': 'tag36h11', 'tagId': 0}"
360.png,True,"[0.0, np.float64(0.10606060606060608), 1]","[[1.0, 0.0, 0.0], [0.0, 1.0, 0.0], [0.0, 0.0, 1.0]]","{'tagLength': 0.0525, 'tagFamily': 'tag36h11', 'tagId': 0}"
361.png,True,"[0.0, np.float64(0.11616161616161624), 1]","[[1.0, 0.0, 0.0], [0.0, 1.0, 0.0], [0.0, 0.0, 1.0]]","{'tagLength': 0.0525, 'tagFamily': 'tag36h11', 'tagId': 0}"
362.png,True,"[0.0, np.float64(0.1262626262626263), 1]","[[1.0, 0.0, 0.0], [0.0, 1.0, 0.0], [0.0, 0.0, 1.0]]","{'tagLength': 0.0525, 'tagFamily': 'tag36h11', 'tagId': 0}"
363.png,True,"[0.0, np.float64(0.13636363636363646), 1]","[[1.0, 0.0, 0.0], [0.0, 1.0, 0.0], [0.0, 0.0, 1.0]]","{'tagLength': 0.0525, 'tagFamily': 'tag36h11', 'tagId': 0}"
364.png,True,"[0.0, np.float64(0.14646464646464652), 1]","[[1.0, 0.0, 0.0], [0.0, 1.0, 0.0], [0.0, 0.0, 1.0]]","{'tagLength': 0.0525, 'tagFamily': 'tag36h11', 'tagId': 0}"
365.png,True,"[0.0, np.float64(0.15656565656565657), 1]","[[1.0, 0.0, 0.0], [0.0, 1.0, 0.0], [0.0, 0.0, 1.0]]","{'tagLength': 0.0525, 'tagFamily': 'tag36h11', 'tagId': 0}"
366.png,True,"[0.0, np.float64(0.16666666666666674), 1]","[[1.0, 0.0, 0.0], [0.0, 1.0, 0.0], [0.0, 0.0, 1.0]]","{'tagLength': 0.0525, 'tagFamily': 'tag36h11', 'tagId': 0}"
367.png,True,"[0.0, np.float64(0.1767676767676768), 1]","[[1.0, 0.0, 0.0], [0.0, 1.0, 0.0], [0.0, 0.0, 1.0]]","{'tagLength': 0.0525, 'tagFamily': 'tag36h11', 'tagId': 0}"
368.png,True,"[0.0, np.float64(0.18686868686868696), 1]","[[1.0, 0.0, 0.0], [0.0, 1.0, 0.0], [0.0, 0.0, 1.0]]","{'tagLength': 0.0525, 'tagFamily': 'tag36h11', 'tagId': 0}"
369.png,True,"[0.0, np.float64(0.19696969696969702), 1]","[[1.0, 0.0, 0.0], [0.0, 1.0, 0.0], [0.0, 0.0, 1.0]]","{'tagLength': 0.0525, 'tagFamily': 'tag36h11', 'tagId': 0}"
370.png,True,"[0.0, np.float64(0.20707070707070718), 1]","[[1.0, 0.0, 0.0], [0.0, 1.0, 0.0], [0.0, 0.0, 1.0]]","{'tagLength': 0.0525, 'tagFamily': 'tag36h11', 'tagId': 0}"
371.png,True,"[0.0, np.float64(0.21717171717171724), 1]","[[1.0, 0.0, 0.0], [0.0, 1.0, 0.0], [0.0, 0.0, 1.0]]","{'tagLength': 0.0525, 'tagFamily': 'tag36h11', 'tagId': 0}"
372.png,True,"[0.0, np.float64(0.2272727272727273), 1]","[[1.0, 0.0, 0.0], [0.0, 1.0, 0.0], [0.0, 0.0, 1.0]]","{'tagLength': 0.0525, 'tagFamily': 'tag36h11', 'tagId': 0}"
373.png,True,"[0.0, np.float64(0.23737373737373746), 1]","[[1.0, 0.0, 0.0], [0.0, 1.0, 0.0], [0.0, 0.0, 1.0]]","{'tagLength': 0.0525, 'tagFamily': 'tag36h11', 'tagId': 0}"
374.png,True,"[0.0, np.float64(0.24747474747474751), 1]","[[1.0, 0.0, 0.0], [0.0, 1.0, 0.0], [0.0, 0.0, 1.0]]","{'tagLength': 0.0525, 'tagFamily': 'tag36h11', 'tagId': 0}"
375.png,True,"[0.0, np.float64(0.2575757575757577), 1]","[[1.0, 0.0, 0.0], [0.0, 1.0, 0.0], [0.0, 0.0, 1.0]]","{'tagLength': 0.0525, 'tagFamily': 'tag36h11', 'tagId': 0}"
376.png,True,"[0.0, np.float64(0.26767676767676774), 1]","[[1.0, 0.0, 0.0], [0.0, 1.0, 0.0], [0.0, 0.0, 1.0]]","{'tagLength': 0.0525, 'tagFamily': 'tag36h11', 'tagId': 0}"
377.png,True,"[0.0, np.float64(0.2777777777777778), 1]","[[1.0, 0.0, 0.0], [0.0, 1.0, 0.0], [0.0, 0.0, 1.0]]","{'tagLength': 0.0525, 'tagFamily': 'tag36h11', 'tagId': 0}"
378.png,True,"[0.0, np.float64(0.28787878787878796), 1]","[[1.0, 0.0, 0.0], [0.0, 1.0, 0.0], [0.0, 0.0, 1.0]]","{'tagLength': 0.0525, 'tagFamily': 'tag36h11', 'tagId': 0}"
379.png,True,"[0.0, np.float64(0.297979797979798), 1]","[[1.0, 0.0, 0.0], [0.0, 1.0, 0.0], [0.0, 0.0, 1.0]]","{'tagLength': 0.0525, 'tagFamily': 'tag36h11', 'tagId': 0}"
380.png,True,"[0.0, np.float64(0.3080808080808082), 1]","[[1.0, 0.0, 0.0], [0.0, 1.0, 0.0], [0.0, 0.0, 1.0]]","{'tagLength': 0.0525, 'tagFamily': 'tag36h11', 'tagId': 0}"
381.png,True,"[0.0, np.float64(0.31818181818181823), 1]","[[1.0, 0.0, 0.0], [0.0, 1.0, 0.0], [0.0, 0.0, 1.0]]","{'tagLength': 0.0525, 'tagFamily': 'tag36h11', 'tagId': 0}"
382.png,True,"[0.0, np.float64(0.3282828282828284), 1]","[[1.0, 0.0, 0.0], [0.0, 1.0, 0.0], [0.0, 0.0, 1.0]]","{'tagLength': 0.0525, 'tagFamily': 'tag36h11', 'tagId': 0}"
383.png,True,"[0.0, np.float64(0.33838383838383845), 1]","[[1.0, 0.0, 0.0], [0.0, 1.0, 0.0], [0.0, 0.0, 1.0]]","{'tagLength': 0.0525, 'tagFamily': 'tag36h11', 'tagId': 0}"
384.png,True,"[0.0, np.float64(0.3484848484848485), 1]","[[1.0, 0.0, 0.0], [0.0, 1.0, 0.0], [0.0, 0.0, 1.0]]","{'tagLength': 0.0525, 'tagFamily': 'tag36h11', 'tagId': 0}"
385.png,True,"[0.0, np.float64(0.3585858585858587), 1]","[[1.0, 0.0, 0.0], [0.0, 1.0, 0.0], [0.0, 0.0, 1.0]]","{'tagLength': 0.0525, 'tagFamily': 'tag36h11', 'tagId': 0}"
386.png,True,"[0.0, np.float64(0.36868686868686873), 1]","[[1.0, 0.0, 0.0], [0.0, 1.0, 0.0], [0.0, 0.0, 1.0]]","{'tagLength': 0.0525, 'tagFamily': 'tag36h11', 'tagId': 0}"
387.png,True,"[0.0, np.float64(0.3787878787878789), 1]","[[1.0, 0.0, 0.0], [0.0, 1.0, 0.0], [0.0, 0.0, 1.0]]","{'tagLength': 0.0525, 'tagFamily': 'tag36h11', 'tagId': 0}"
388.png,True,"[0.0, np.float64(0.38888888888888895), 1]","[[1.0, 0.0, 0.0], [0.0, 1.0, 0.0], [0.0, 0.0, 1.0]]","{'tagLength': 0.0525, 'tagFamily': 'tag36h11', 'tagId': 0}"
389.png,True,"[0.0, np.float64(0.3989898989898991), 1]","[[1.0, 0.0, 0.0], [0.0, 1.0, 0.0], [0.0, 0.0, 1.0]]","{'tagLength': 0.0525, 'tagFamily': 'tag36h11', 'tagId': 0}"
390.png,True,"[0.0, np.float64(0.40909090909090917), 1]","[[1.0, 0.0, 0.0], [0.0, 1.0, 0.0], [0.0, 0.0, 1.0]]","{'tagLength': 0.0525, 'tagFamily': 'tag36h11', 'tagId': 0}"
391.png,True,"[0.0, np.float64(0.4191919191919192), 1]","[[1.0, 0.0, 0.0], [0.0, 1.0, 0.0], [0.0, 0.0, 1.0]]","{'tagLength': 0.0525, 'tagFamily': 'tag36h11', 'tagId': 0}"
392.png,True,"[0.0, np.float64(0.4292929292929294), 1]","[[1.0, 0.0, 0.0], [0.0, 1.0, 0.0], [0.0, 0.0, 1.0]]","{'tagLength': 0.0525, 'tagFamily': 'tag36h11', 'tagId': 0}"
393.png,True,"[0.0, np.float64(0.43939393939393945), 1]","[[1.0, 0.0, 0.0], [0.0, 1.0, 0.0], [0.0, 0.0, 1.0]]","{'tagLength': 0.0525, 'tagFamily': 'tag36h11', 'tagId': 0}"
394.png,True,"[0.0, np.float64(0.4494949494949496), 1]","[[1.0, 0.0, 0.0], [0.0, 1.0, 0.0], [0.0, 0.0, 1.0]]","{'tagLength': 0.0525, 'tagFamily': 'tag36h11', 'tagId': 0}"
395.png,True,"[0.0, np.float64(0.45959595959595967), 1]","[[1.0, 0.0, 0.0], [0.0, 1.0, 0.0], [0.0, 0.0, 1.0]]","{'tagLength': 0.0525, 'tagFamily': 'tag36h11', 'tagId': 0}"
396.png,True,"[0.0, np.float64(0.4696969696969697), 1]","[[1.0, 0.0, 0.0], [0.0, 1.0, 0.0], [0.0, 0.0, 1.0]]","{'tagLength': 0.0525, 'tagFamily': 'tag36h11', 'tagId': 0}"
397.png,True,"[0.0, np.float64(0.4797979797979799), 1]","[[1.0, 0.0, 0.0], [0.0, 1.0, 0.0], [0.0, 0.0, 1.0]]","{'tagLength': 0.0525, 'tagFamily': 'tag36h11', 'tagId': 0}"
398.png,True,"[0.0, np.float64(0.48989898989898994), 1]","[[1.0, 0.0, 0.0], [0.0, 1.0, 0.0], [0.0, 0.0, 1.0]]","{'tagLength': 0.0525, 'tagFamily': 'tag36h11', 'tagId': 0}"
399.png,True,"[0.0, np.float64(0.5), 1]","[[1.0, 0.0, 0.0], [0.0, 1.0, 0.0], [0.0, 0.0, 1.0]]","{'tagLength': 0.0525, 'tagFamily': 'tag36h11', 'tagId': 0}"
